Time [10ms], UTC, Lat, Lon, Alt [m], Speed [km/h], Course [deg], Fix, NumSat, HDOP
101, 125053.90, 37.3829493, 23.2481843, -0.30, 0.29, 0.00, 1, 12, 0.60
201, 125054.90, 37.3829477, 23.2481825, -0.10, 0.04, 0.00, 1, 12, 0.60
301, 125055.90, 37.3829483, 23.2481822, -0.20, 0.03, 0.00, 1, 12, 0.62
401, 125056.90, 37.3829483, 23.2481833, -0.40, 0.01, 0.00, 1, 12, 0.62
501, 125057.90, 37.3829472, 23.2481832, -0.60, 0.15, 0.00, 1, 12, 0.62
601, 125058.90, 37.3829447, 23.2481832, -0.60, 0.30, 0.00, 1, 12, 0.62
701, 125059.80, 37.3829427, 23.2481823, -0.70, 0.07, 0.00, 1, 12, 0.60
801, 125100.80, 37.3829435, 23.2481815, -0.70, 0.11, 0.00, 1, 12, 0.60
901, 125101.80, 37.3829445, 23.2481818, -0.80, 0.20, 0.00, 1, 12, 0.60
1001, 125102.80, 37.3829455, 23.2481813, -0.90, 0.57, 0.00, 1, 12, 0.60
1101, 125103.80, 37.3829455, 23.2481810, -0.90, 0.03, 0.00, 1, 12, 0.60
1201, 125104.80, 37.3829460, 23.2481810, -0.90, 0.28, 0.00, 1, 12, 0.60
1301, 125105.80, 37.3829465, 23.2481810, -1.00, 0.17, 0.00, 1, 12, 0.60
1401, 125106.80, 37.3829478, 23.2481818, -1.10, 0.13, 0.00, 1, 12, 0.60
1501, 125107.80, 37.3829485, 23.2481822, -1.00, 0.17, 0.00, 1, 12, 0.60
1601, 125108.80, 37.3829488, 23.2481825, -0.90, 0.27, 0.00, 1, 12, 0.60
1701, 125109.80, 37.3829495, 23.2481827, -0.80, 0.29, 0.00, 1, 12, 0.60
1801, 125110.80, 37.3829497, 23.2481833, -0.70, 0.29, 0.00, 1, 12, 0.62
1901, 125111.80, 37.3829502, 23.2481840, -0.70, 0.45, 0.00, 1, 12, 0.62
2001, 125112.80, 37.3829507, 23.2481843, -0.70, 0.56, 0.00, 1, 12, 0.63
2101, 125113.70, 37.3829513, 23.2481850, -0.60, 0.65, 111.92, 1, 12, 0.61
2201, 125114.70, 37.3829517, 23.2481858, -0.90, 0.21, 0.00, 1, 12, 0.60
2301, 125115.70, 37.3829518, 23.2481862, -1.20, 0.81, 280.16, 1, 12, 0.60
2401, 125116.70, 37.3829528, 23.2481862, -1.20, 0.60, 9.45, 1, 12, 0.60
2501, 125117.70, 37.3829532, 23.2481853, -1.00, 0.14, 0.00, 1, 12, 0.60
2601, 125118.70, 37.3829533, 23.2481852, -0.90, 0.14, 0.00, 1, 12, 0.58
2701, 125119.70, 37.3829538, 23.2481850, -0.80, 0.39, 0.00, 1, 12, 0.65
2801, 125120.70, 37.3829540, 23.2481850, -0.80, 0.19, 0.00, 1, 12, 0.60
2901, 125121.70, 37.3829533, 23.2481848, -0.70, 0.12, 0.00, 1, 12, 0.58
3001, 125122.70, 37.3829527, 23.2481850, -0.60, 0.10, 0.00, 1, 12, 0.58
3101, 125123.70, 37.3829518, 23.2481850, -0.50, 0.05, 0.00, 1, 12, 0.58
3201, 125124.70, 37.3829513, 23.2481848, -0.50, 0.03, 0.00, 1, 12, 0.60
3301, 125125.70, 37.3829510, 23.2481847, -0.40, 0.05, 0.00, 1, 12, 0.60
3401, 125126.70, 37.3829510, 23.2481847, -0.40, 0.11, 0.00, 1, 12, 0.60
3501, 125127.70, 37.3829507, 23.2481847, -0.40, 0.09, 0.00, 1, 12, 0.60
3601, 125128.70, 37.3829508, 23.2481847, -0.50, 0.04, 0.00, 1, 12, 0.60
3701, 125129.70, 37.3829510, 23.2481843, -0.40, 0.26, 0.00, 1, 12, 0.58
3801, 125130.60, 37.3829508, 23.2481845, -0.40, 0.11, 0.00, 1, 12, 0.60
3901, 125131.60, 37.3829510, 23.2481847, -0.40, 0.16, 0.00, 1, 12, 0.74
4001, 125132.60, 37.3829510, 23.2481850, -0.40, 0.10, 0.00, 1, 12, 0.74
4101, 125133.60, 37.3829510, 23.2481850, -0.30, 0.56, 0.00, 1, 12, 0.74
4201, 125134.60, 37.3829505, 23.2481852, -0.10, 0.17, 0.00, 1, 12, 0.62
4301, 125135.60, 37.3829502, 23.2481857, 0.00, 0.33, 0.00, 1, 12, 0.65
4401, 125136.60, 37.3829507, 23.2481863, 0.10, 0.15, 0.00, 1, 12, 0.65
4501, 125137.60, 37.3829517, 23.2481863, 0.20, 0.65, 0.00, 1, 12, 0.65
4601, 125138.60, 37.3829515, 23.2481857, 0.20, 0.29, 0.00, 1, 12, 0.65
4701, 125139.60, 37.3829513, 23.2481862, 0.20, 0.37, 0.00, 1, 12, 0.65
4801, 125140.60, 37.3829512, 23.2481860, 0.40, 0.25, 0.00, 1, 12, 0.66
4901, 125141.60, 37.3829507, 23.2481858, 0.30, 0.21, 0.00, 1, 12, 0.66
5001, 125142.60, 37.3829515, 23.2481857, 0.30, 0.22, 0.00, 1, 12, 0.66
5101, 125143.60, 37.3829520, 23.2481860, 0.30, 0.13, 0.00, 1, 12, 0.60
5201, 125144.50, 37.3829528, 23.2481865, 0.40, 0.55, 0.00, 1, 12, 0.73
5301, 125145.50, 37.3829530, 23.2481863, 0.50, 0.24, 0.00, 1, 12, 0.63
5401, 125146.50, 37.3829533, 23.2481863, 0.60, 0.22, 0.00, 1, 12, 0.63
5501, 125147.50, 37.3829538, 23.2481863, 0.60, 0.29, 0.00, 1, 12, 0.73
5601, 125148.50, 37.3829540, 23.2481863, 0.70, 0.27, 0.00, 1, 12, 0.65
5701, 125149.50, 37.3829542, 23.2481863, 0.70, 0.27, 0.00, 1, 12, 0.63
5801, 125150.50, 37.3829543, 23.2481865, 0.70, 0.27, 0.00, 1, 12, 0.66
5901, 125151.50, 37.3829543, 23.2481860, 0.70, 0.06, 0.00, 1, 12, 0.66
6001, 125152.50, 37.3829545, 23.2481862, 0.80, 0.31, 0.00, 1, 12, 0.64
6101, 125153.50, 37.3829552, 23.2481863, 0.80, 0.10, 0.00, 1, 12, 0.64
6201, 125154.50, 37.3829562, 23.2481862, 0.80, 0.15, 0.00, 1, 12, 0.64
6301, 125155.50, 37.3829558, 23.2481858, 0.80, 0.31, 0.00, 1, 12, 0.58
6401, 125156.50, 37.3829555, 23.2481860, 0.90, 0.14, 0.00, 1, 12, 0.58
6501, 125157.50, 37.3829560, 23.2481865, 0.90, 0.70, 1.56, 1, 12, 0.60
6601, 125158.50, 37.3829555, 23.2481868, 0.90, 0.25, 0.00, 1, 12, 0.60
6701, 125159.50, 37.3829550, 23.2481867, 0.80, 0.46, 0.00, 1, 12, 0.59
6801, 125200.50, 37.3829547, 23.2481867, 0.80, 0.30, 0.00, 1, 12, 0.59
6901, 125201.50, 37.3829543, 23.2481863, 0.70, 0.26, 0.00, 1, 12, 0.57
7001, 125202.40, 37.3829547, 23.2481863, 0.70, 0.13, 0.00, 1, 12, 0.59
7101, 125203.40, 37.3829553, 23.2481863, 0.70, 0.23, 0.00, 1, 12, 0.59
7201, 125204.40, 37.3829555, 23.2481867, 0.70, 0.23, 0.00, 1, 12, 0.59
7301, 125205.40, 37.3829553, 23.2481870, 0.80, 0.16, 0.00, 1, 12, 0.59
7401, 125206.40, 37.3829548, 23.2481863, 0.70, 0.09, 0.00, 1, 12, 0.59
7501, 125207.40, 37.3829547, 23.2481862, 0.70, 0.14, 0.00, 1, 12, 0.59
7601, 125208.40, 37.3829542, 23.2481858, 0.60, 0.12, 0.00, 1, 12, 0.57
7701, 125209.40, 37.3829538, 23.2481858, 0.50, 0.10, 0.00, 1, 12, 0.59
7801, 125210.40, 37.3829537, 23.2481858, 0.50, 0.12, 0.00, 1, 12, 0.59
7901, 125211.40, 37.3829538, 23.2481853, 0.40, 0.27, 0.00, 1, 12, 0.59
8001, 125212.40, 37.3829537, 23.2481853, 0.30, 0.54, 0.00, 1, 12, 0.59
8101, 125213.40, 37.3829530, 23.2481853, 0.30, 0.48, 0.00, 1, 12, 0.59
8201, 125214.40, 37.3829537, 23.2481848, 0.20, 0.38, 0.00, 1, 12, 0.60
8301, 125215.40, 37.3829542, 23.2481850, 0.10, 0.42, 0.00, 1, 12, 0.61
8401, 125216.40, 37.3829537, 23.2481850, 0.10, 0.14, 0.00, 1, 12, 0.74
8501, 125217.40, 37.3829537, 23.2481848, 0.00, 0.12, 0.00, 1, 12, 0.67
8601, 125218.40, 37.3829528, 23.2481852, 0.00, 0.08, 0.00, 1, 12, 0.64
8701, 125219.30, 37.3829522, 23.2481853, 0.00, 0.26, 0.00, 1, 12, 0.73
8801, 125220.30, 37.3829515, 23.2481853, 0.00, 0.58, 0.00, 1, 12, 0.73
8901, 125221.30, 37.3829505, 23.2481863, 0.10, 0.47, 0.00, 1, 12, 0.73
9001, 125222.30, 37.3829503, 23.2481865, 0.10, 0.52, 0.00, 1, 12, 0.62
9101, 125223.30, 37.3829503, 23.2481863, 0.30, 0.42, 58.78, 1, 12, 0.64
9201, 125224.30, 37.3829497, 23.2481865, 0.40, 0.13, 0.00, 1, 12, 0.64
9301, 125225.30, 37.3829497, 23.2481863, 0.50, 0.06, 0.00, 1, 12, 0.62
9401, 125226.30, 37.3829495, 23.2481860, 0.70, 0.08, 0.00, 1, 12, 0.62
9501, 125227.30, 37.3829487, 23.2481858, 1.00, 0.18, 0.00, 1, 12, 0.64
9601, 125228.30, 37.3829480, 23.2481857, 1.20, 0.19, 0.00, 1, 12, 0.64
9701, 125229.30, 37.3829477, 23.2481855, 1.20, 0.01, 0.00, 1, 12, 0.64
9801, 125230.30, 37.3829472, 23.2481853, 1.30, 0.09, 0.00, 1, 12, 0.64
9901, 125231.30, 37.3829467, 23.2481853, 1.40, 0.08, 0.00, 1, 12, 0.64
10001, 125232.20, 37.3829463, 23.2481852, 1.50, 0.07, 0.00, 1, 12, 0.61
10101, 125233.20, 37.3829462, 23.2481850, 1.50, 0.25, 0.00, 1, 12, 0.61
10201, 125234.20, 37.3829460, 23.2481850, 1.60, 0.02, 0.00, 1, 12, 0.61
10301, 125235.20, 37.3829457, 23.2481850, 1.60, 0.14, 0.00, 1, 12, 0.61
10401, 125236.20, 37.3829453, 23.2481848, 1.70, 0.30, 0.00, 1, 12, 0.61
10501, 125237.20, 37.3829448, 23.2481848, 1.70, 0.11, 0.00, 1, 12, 0.61
10601, 125238.20, 37.3829442, 23.2481848, 1.70, 0.12, 0.00, 1, 12, 0.61
10701, 125239.20, 37.3829437, 23.2481850, 1.70, 0.07, 0.00, 1, 12, 0.61
10801, 125240.20, 37.3829435, 23.2481850, 1.70, 0.11, 0.00, 1, 12, 0.60
10901, 125241.20, 37.3829435, 23.2481848, 1.70, 0.19, 0.00, 1, 12, 0.61
11001, 125242.20, 37.3829435, 23.2481847, 1.70, 0.16, 0.00, 1, 12, 0.61
11101, 125243.20, 37.3829435, 23.2481847, 1.80, 0.05, 0.00, 1, 12, 0.61
11201, 125244.20, 37.3829437, 23.2481847, 1.80, 0.25, 0.00, 1, 12, 0.61
11301, 125245.20, 37.3829437, 23.2481845, 1.80, 0.11, 0.00, 1, 12, 0.60
11401, 125246.20, 37.3829438, 23.2481845, 1.80, 0.24, 0.00, 1, 12, 0.60
11501, 125247.20, 37.3829438, 23.2481845, 1.80, 0.04, 0.00, 1, 12, 0.60
11601, 125248.00, 37.3829438, 23.2481845, 1.80, 0.05, 0.00, 1, 12, 0.60
11701, 125249.00, 37.3829437, 23.2481847, 1.90, 0.05, 0.00, 1, 12, 0.60
11801, 125250.10, 37.3829437, 23.2481847, 1.90, 0.04, 0.00, 1, 12, 0.60
11901, 125251.10, 37.3829437, 23.2481847, 1.90, 0.01, 0.00, 1, 12, 0.60
12001, 125252.10, 37.3829437, 23.2481847, 1.90, 0.08, 0.00, 1, 12, 0.60
12101, 125253.10, 37.3829437, 23.2481847, 1.90, 0.13, 0.00, 1, 12, 0.60
12201, 125254.10, 37.3829438, 23.2481847, 1.90, 0.29, 0.00, 1, 12, 0.60
12301, 125255.10, 37.3829437, 23.2481848, 1.80, 0.04, 0.00, 1, 12, 0.60
12401, 125256.00, 37.3829437, 23.2481850, 1.80, 0.05, 0.00, 1, 12, 0.60
12501, 125257.00, 37.3829438, 23.2481850, 1.70, 0.21, 0.00, 1, 12, 0.60
12601, 125258.10, 37.3829438, 23.2481852, 1.70, 0.04, 0.00, 1, 12, 0.60
12701, 125259.00, 37.3829438, 23.2481853, 1.70, 0.04, 0.00, 1, 12, 0.60
12801, 125300.10, 37.3829442, 23.2481855, 1.70, 0.09, 0.00, 1, 12, 0.60
12901, 125301.00, 37.3829443, 23.2481857, 1.60, 0.02, 0.00, 1, 12, 0.60
13001, 125302.00, 37.3829445, 23.2481857, 1.60, 0.06, 0.00, 1, 12, 0.60
13101, 125303.00, 37.3829447, 23.2481858, 1.60, 0.06, 0.00, 1, 12, 0.60
13201, 125304.00, 37.3829448, 23.2481860, 1.60, 0.08, 0.00, 1, 12, 0.60
13301, 125305.00, 37.3829452, 23.2481862, 1.50, 0.05, 0.00, 1, 12, 0.60
13401, 125306.00, 37.3829453, 23.2481860, 1.50, 0.19, 0.00, 1, 12, 0.61
13501, 125307.00, 37.3829453, 23.2481865, 1.40, 0.02, 0.00, 1, 12, 0.61
13601, 125307.90, 37.3829455, 23.2481865, 1.40, 0.11, 0.00, 1, 12, 0.60
13701, 125308.90, 37.3829457, 23.2481865, 1.40, 0.08, 0.00, 1, 12, 0.60
13801, 125310.00, 37.3829460, 23.2481867, 1.30, 0.12, 0.00, 1, 12, 0.60
13901, 125311.00, 37.3829463, 23.2481867, 1.30, 0.14, 0.00, 1, 12, 0.60
14001, 125312.00, 37.3829467, 23.2481867, 1.30, 0.03, 0.00, 1, 12, 0.63
14101, 125312.90, 37.3829472, 23.2481867, 1.30, 0.08, 0.00, 1, 12, 0.63
14201, 125313.90, 37.3829477, 23.2481867, 1.30, 0.04, 0.00, 1, 12, 0.63
14301, 125314.90, 37.3829480, 23.2481868, 1.30, 0.06, 0.00, 1, 12, 0.63
14401, 125315.90, 37.3829483, 23.2481868, 1.30, 0.04, 0.00, 1, 12, 0.63
14501, 125316.90, 37.3829487, 23.2481868, 1.30, 0.05, 0.00, 1, 12, 0.63
14601, 125317.90, 37.3829490, 23.2481868, 1.30, 0.08, 0.00, 1, 12, 0.63
14701, 125318.90, 37.3829492, 23.2481870, 1.30, 0.06, 0.00, 1, 12, 0.63
14801, 125319.90, 37.3829493, 23.2481868, 1.30, 0.18, 0.00, 1, 12, 0.63
14901, 125320.90, 37.3829497, 23.2481868, 1.30, 0.06, 0.00, 1, 12, 0.61
15001, 125321.90, 37.3829500, 23.2481868, 1.30, 0.15, 0.00, 1, 12, 0.60
15101, 125322.90, 37.3829502, 23.2481868, 1.20, 0.22, 0.00, 1, 12, 0.60
15201, 125323.90, 37.3829502, 23.2481870, 1.30, 0.19, 0.00, 1, 12, 0.59
15301, 125324.90, 37.3829503, 23.2481872, 1.30, 0.28, 0.00, 1, 12, 0.60
15401, 125325.90, 37.3829505, 23.2481872, 1.30, 0.12, 0.00, 1, 12, 0.60
15501, 125326.90, 37.3829505, 23.2481872, 1.30, 0.13, 0.00, 1, 12, 0.60
15601, 125327.90, 37.3829508, 23.2481872, 1.30, 0.02, 0.00, 1, 12, 0.60
15701, 125328.90, 37.3829505, 23.2481873, 1.40, 0.18, 0.00, 1, 12, 0.58
15801, 125329.90, 37.3829507, 23.2481875, 1.50, 0.47, 125.48, 1, 12, 0.58
15901, 125330.80, 37.3829510, 23.2481873, 1.60, 0.05, 0.00, 1, 12, 0.58
16001, 125331.80, 37.3829512, 23.2481872, 1.60, 0.11, 0.00, 1, 12, 0.58
16101, 125332.80, 37.3829512, 23.2481872, 1.60, 0.13, 0.00, 1, 12, 0.60
16201, 125333.80, 37.3829517, 23.2481870, 1.50, 0.43, 0.00, 1, 12, 0.60
16301, 125334.80, 37.3829518, 23.2481865, 1.60, 0.09, 0.00, 1, 12, 0.60
16401, 125335.80, 37.3829520, 23.2481863, 1.60, 0.12, 0.00, 1, 12, 0.58
16501, 125336.80, 37.3829522, 23.2481860, 1.70, 0.06, 0.00, 1, 12, 0.58
16601, 125337.80, 37.3829527, 23.2481858, 1.70, 0.08, 0.00, 1, 12, 0.58
16701, 125338.80, 37.3829527, 23.2481855, 1.70, 0.06, 0.00, 1, 12, 0.58
16801, 125339.80, 37.3829528, 23.2481853, 1.70, 0.11, 0.00, 1, 12, 0.58
16901, 125340.80, 37.3829528, 23.2481852, 1.80, 0.02, 0.00, 1, 12, 0.58
17001, 125341.80, 37.3829527, 23.2481845, 1.90, 0.15, 0.00, 1, 12, 0.58
17101, 125342.80, 37.3829527, 23.2481840, 1.90, 0.05, 0.00, 1, 12, 0.58
17201, 125343.80, 37.3829527, 23.2481837, 2.00, 0.10, 0.00, 1, 12, 0.58
17301, 125344.80, 37.3829527, 23.2481832, 2.10, 0.17, 0.00, 1, 12, 0.57
17401, 125345.70, 37.3829527, 23.2481828, 2.10, 0.24, 0.00, 1, 12, 0.57
17501, 125346.80, 37.3829527, 23.2481823, 2.20, 0.15, 0.00, 1, 12, 0.57
17601, 125347.70, 37.3829528, 23.2481820, 2.20, 0.05, 0.00, 1, 12, 0.54
17701, 125348.70, 37.3829530, 23.2481815, 2.40, 0.13, 0.00, 1, 12, 0.54
17801, 125349.70, 37.3829532, 23.2481810, 2.50, 0.20, 0.00, 1, 12, 0.54
17901, 125350.70, 37.3829533, 23.2481807, 2.50, 0.17, 0.00, 1, 12, 0.54
18001, 125351.70, 37.3829535, 23.2481805, 2.50, 0.26, 0.00, 1, 12, 0.54
18101, 125352.70, 37.3829537, 23.2481802, 2.50, 0.10, 0.00, 1, 12, 0.54
18201, 125353.70, 37.3829537, 23.2481800, 2.60, 0.19, 0.00, 1, 12, 0.54
18301, 125354.70, 37.3829537, 23.2481797, 2.60, 0.12, 0.00, 1, 12, 0.54
18401, 125355.70, 37.3829535, 23.2481795, 2.70, 0.42, 155.37, 1, 12, 0.54
18501, 125356.70, 37.3829537, 23.2481795, 2.70, 0.15, 0.00, 1, 12, 0.54
18601, 125357.70, 37.3829538, 23.2481793, 2.70, 0.05, 0.00, 1, 12, 0.54
18701, 125358.70, 37.3829540, 23.2481792, 2.80, 0.08, 0.00, 1, 12, 0.54
18801, 125359.70, 37.3829540, 23.2481792, 2.80, 0.06, 0.00, 1, 12, 0.54
18901, 125400.60, 37.3829542, 23.2481790, 2.80, 0.13, 0.00, 1, 12, 0.54
19001, 125401.60, 37.3829542, 23.2481790, 2.90, 0.04, 0.00, 1, 12, 0.54
19101, 125402.60, 37.3829543, 23.2481788, 2.90, 0.04, 0.00, 1, 12, 0.54
19201, 125403.60, 37.3829545, 23.2481788, 2.90, 0.09, 0.00, 1, 12, 0.54
19301, 125404.60, 37.3829547, 23.2481787, 2.90, 0.12, 0.00, 1, 12, 0.54
19401, 125405.60, 37.3829548, 23.2481787, 3.00, 0.07, 0.00, 1, 12, 0.54
19501, 125406.60, 37.3829550, 23.2481787, 3.00, 0.02, 0.00, 1, 12, 0.54
19601, 125407.60, 37.3829550, 23.2481788, 3.00, 0.26, 0.00, 1, 12, 0.57
19701, 125408.60, 37.3829550, 23.2481790, 3.00, 0.21, 0.00, 1, 12, 0.54
19801, 125409.60, 37.3829548, 23.2481790, 3.10, 0.25, 0.00, 1, 12, 0.54
19901, 125410.60, 37.3829548, 23.2481788, 3.00, 0.46, 122.61, 1, 12, 0.56
20001, 125411.60, 37.3829548, 23.2481790, 3.00, 0.08, 0.00, 1, 12, 0.56
20101, 125412.60, 37.3829548, 23.2481793, 3.00, 0.30, 0.00, 1, 12, 0.54
20201, 125413.60, 37.3829548, 23.2481792, 3.00, 0.09, 0.00, 1, 12, 0.54
20301, 125414.60, 37.3829550, 23.2481790, 3.10, 0.06, 0.00, 1, 12, 0.54
20401, 125415.50, 37.3829553, 23.2481790, 3.10, 0.05, 0.00, 1, 12, 0.54
20501, 125416.50, 37.3829555, 23.2481788, 3.10, 0.03, 0.00, 1, 12, 0.54
20601, 125417.50, 37.3829557, 23.2481788, 3.10, 0.15, 0.00, 1, 12, 0.54
20701, 125418.50, 37.3829557, 23.2481790, 3.10, 0.08, 0.00, 1, 12, 0.54
20801, 125419.50, 37.3829560, 23.2481792, 3.10, 0.12, 0.00, 1, 12, 0.54
20901, 125420.50, 37.3829558, 23.2481792, 3.10, 0.15, 0.00, 1, 12, 0.54
21001, 125421.50, 37.3829560, 23.2481792, 3.10, 0.07, 0.00, 1, 12, 0.54
21101, 125422.50, 37.3829560, 23.2481792, 3.10, 0.12, 0.00, 1, 12, 0.54
21201, 125423.50, 37.3829560, 23.2481793, 3.00, 0.16, 0.00, 1, 12, 0.54
21301, 125424.50, 37.3829558, 23.2481792, 3.00, 0.10, 0.00, 1, 12, 0.54
21401, 125425.50, 37.3829557, 23.2481793, 3.00, 0.09, 0.00, 1, 12, 0.54
21501, 125426.50, 37.3829555, 23.2481793, 2.90, 0.08, 0.00, 1, 12, 0.54
21601, 125427.50, 37.3829553, 23.2481793, 2.90, 0.26, 0.00, 1, 12, 0.54
21701, 125428.50, 37.3829552, 23.2481793, 2.90, 0.08, 0.00, 1, 12, 0.54
21801, 125429.50, 37.3829550, 23.2481793, 2.90, 0.09, 0.00, 1, 12, 0.54
21901, 125430.40, 37.3829548, 23.2481793, 2.80, 0.10, 0.00, 1, 12, 0.54
22001, 125431.40, 37.3829548, 23.2481795, 2.80, 0.19, 0.00, 1, 12, 0.54
22101, 125432.40, 37.3829547, 23.2481795, 2.70, 0.10, 0.00, 1, 12, 0.54
22201, 125433.40, 37.3829545, 23.2481793, 2.70, 0.08, 0.00, 1, 12, 0.52
22301, 125434.40, 37.3829543, 23.2481795, 2.70, 0.08, 0.00, 1, 12, 0.54
22401, 125435.40, 37.3829543, 23.2481795, 2.70, 0.07, 0.00, 1, 12, 0.54
22501, 125436.40, 37.3829543, 23.2481795, 2.70, 0.18, 0.00, 1, 12, 0.54
22601, 125437.40, 37.3829543, 23.2481793, 2.60, 0.04, 0.00, 1, 12, 0.54
22701, 125438.40, 37.3829542, 23.2481793, 2.60, 0.07, 0.00, 1, 12, 0.53
22801, 125439.40, 37.3829540, 23.2481797, 2.60, 0.14, 0.00, 1, 12, 0.53
22901, 125440.40, 37.3829538, 23.2481798, 2.60, 0.16, 0.00, 1, 12, 0.53
23001, 125441.40, 37.3829537, 23.2481800, 2.60, 0.09, 0.00, 1, 12, 0.55
23101, 125442.40, 37.3829535, 23.2481800, 2.60, 0.06, 0.00, 1, 12, 0.55
23201, 125443.40, 37.3829533, 23.2481800, 2.50, 0.21, 0.00, 1, 12, 0.55
23301, 125444.40, 37.3829532, 23.2481798, 2.60, 0.16, 0.00, 1, 12, 0.51
23401, 125445.30, 37.3829533, 23.2481798, 2.60, 0.10, 0.00, 1, 12, 0.53
23501, 125446.30, 37.3829532, 23.2481798, 2.60, 0.14, 0.00, 1, 12, 0.53
23601, 125447.30, 37.3829532, 23.2481798, 2.60, 0.06, 0.00, 1, 12, 0.55
23701, 125448.30, 37.3829530, 23.2481797, 2.60, 0.16, 0.00, 1, 12, 0.55
23801, 125449.30, 37.3829528, 23.2481795, 2.60, 0.10, 0.00, 1, 12, 0.53
23901, 125450.30, 37.3829527, 23.2481792, 2.60, 0.08, 0.00, 1, 12, 0.53
24001, 125451.30, 37.3829527, 23.2481793, 2.60, 0.09, 0.00, 1, 12, 0.53
24101, 125452.30, 37.3829525, 23.2481793, 2.60, 0.12, 0.00, 1, 12, 0.53
24201, 125453.30, 37.3829525, 23.2481793, 2.60, 0.26, 0.00, 1, 12, 0.53
24301, 125454.30, 37.3829525, 23.2481795, 2.60, 0.06, 0.00, 1, 12, 0.53
24401, 125455.30, 37.3829525, 23.2481793, 2.60, 0.06, 0.00, 1, 12, 0.53
24501, 125456.30, 37.3829527, 23.2481793, 2.60, 0.14, 0.00, 1, 12, 0.53
24601, 125457.30, 37.3829528, 23.2481793, 2.70, 0.07, 0.00, 1, 12, 0.53
24701, 125458.30, 37.3829530, 23.2481795, 2.60, 0.08, 0.00, 1, 12, 0.55
24801, 125459.20, 37.3829532, 23.2481797, 2.60, 0.09, 0.00, 1, 12, 0.53
24901, 125500.20, 37.3829532, 23.2481797, 2.60, 0.09, 0.00, 1, 12, 0.53
25001, 125501.20, 37.3829532, 23.2481795, 2.60, 0.11, 0.00, 1, 12, 0.51
25101, 125502.20, 37.3829532, 23.2481797, 2.70, 0.14, 0.00, 1, 12, 0.51
25201, 125503.20, 37.3829532, 23.2481798, 2.70, 0.14, 0.00, 1, 12, 0.51
25301, 125504.20, 37.3829533, 23.2481797, 2.70, 0.11, 0.00, 1, 12, 0.51
25401, 125505.20, 37.3829533, 23.2481798, 2.60, 0.06, 0.00, 1, 12, 0.53
25501, 125506.20, 37.3829533, 23.2481798, 2.60, 0.11, 0.00, 1, 12, 0.53
25601, 125507.20, 37.3829533, 23.2481798, 2.60, 0.07, 0.00, 1, 12, 0.55
25701, 125508.20, 37.3829532, 23.2481797, 2.50, 0.09, 0.00, 1, 12, 0.55
25801, 125509.20, 37.3829533, 23.2481800, 2.50, 0.31, 0.00, 1, 12, 0.53
25901, 125510.20, 37.3829533, 23.2481797, 2.50, 0.13, 0.00, 1, 12, 0.53
26001, 125511.20, 37.3829535, 23.2481798, 2.50, 0.34, 0.00, 1, 12, 0.53
26101, 125512.20, 37.3829533, 23.2481795, 2.50, 0.11, 0.00, 1, 12, 0.51
26201, 125513.20, 37.3829533, 23.2481795, 2.60, 0.24, 0.00, 1, 12, 0.53
26301, 125514.00, 37.3829533, 23.2481793, 2.60, 0.06, 0.00, 1, 12, 0.53
26401, 125515.00, 37.3829533, 23.2481795, 2.60, 0.14, 0.00, 1, 12, 0.55
26501, 125516.10, 37.3829535, 23.2481797, 2.60, 0.06, 0.00, 1, 12, 0.55
26601, 125517.10, 37.3829535, 23.2481797, 2.50, 0.17, 0.00, 1, 12, 0.55
26701, 125518.10, 37.3829535, 23.2481798, 2.50, 0.02, 0.00, 1, 12, 0.55
26801, 125519.10, 37.3829535, 23.2481798, 2.50, 0.15, 0.00, 1, 12, 0.53
26901, 125520.00, 37.3829535, 23.2481798, 2.40, 0.09, 0.00, 1, 12, 0.53
27001, 125521.10, 37.3829535, 23.2481798, 2.40, 0.18, 0.00, 1, 12, 0.55
27101, 125522.10, 37.3829535, 23.2481800, 2.40, 0.22, 0.00, 1, 12, 0.55
27201, 125523.10, 37.3829535, 23.2481802, 2.40, 0.07, 0.00, 1, 12, 0.53
27301, 125524.10, 37.3829537, 23.2481803, 2.40, 0.07, 0.00, 1, 12, 0.53
27401, 125525.00, 37.3829538, 23.2481803, 2.50, 0.31, 0.00, 1, 12, 0.53
27501, 125526.00, 37.3829538, 23.2481805, 2.50, 0.07, 0.00, 1, 12, 0.55
27601, 125527.10, 37.3829538, 23.2481808, 2.50, 0.08, 0.00, 1, 12, 0.55
27701, 125528.00, 37.3829540, 23.2481810, 2.40, 0.00, 0.00, 1, 12, 0.51
27801, 125529.00, 37.3829538, 23.2481813, 2.40, 0.12, 0.00, 1, 12, 0.51
27901, 125530.00, 37.3829537, 23.2481813, 2.40, 0.12, 0.00, 1, 12, 0.51
28001, 125531.00, 37.3829537, 23.2481815, 2.50, 0.17, 0.00, 1, 12, 0.51
28101, 125532.00, 37.3829537, 23.2481817, 2.50, 0.12, 0.00, 1, 12, 0.51
28201, 125533.00, 37.3829538, 23.2481817, 2.50, 0.28, 0.00, 1, 12, 0.51
28301, 125534.00, 37.3829538, 23.2481817, 2.50, 0.04, 0.00, 1, 12, 0.54
28401, 125534.90, 37.3829540, 23.2481818, 2.60, 0.09, 0.00, 1, 12, 0.51
28501, 125535.90, 37.3829540, 23.2481817, 2.60, 0.10, 0.00, 1, 12, 0.51
28601, 125536.90, 37.3829540, 23.2481818, 2.70, 0.04, 0.00, 1, 12, 0.51
28701, 125537.90, 37.3829540, 23.2481820, 2.70, 0.10, 0.00, 1, 12, 0.51
28801, 125538.90, 37.3829542, 23.2481822, 2.80, 0.06, 0.00, 1, 12, 0.51
28901, 125539.90, 37.3829540, 23.2481823, 2.80, 0.06, 0.00, 1, 12, 0.54
29001, 125540.90, 37.3829542, 23.2481825, 2.80, 0.06, 0.00, 1, 12, 0.54
29101, 125541.90, 37.3829540, 23.2481823, 2.80, 0.10, 0.00, 1, 12, 0.54
29201, 125542.90, 37.3829540, 23.2481825, 2.80, 0.08, 0.00, 1, 12, 0.54
29301, 125543.90, 37.3829540, 23.2481827, 2.90, 0.16, 0.00, 1, 12, 0.54
29401, 125544.90, 37.3829540, 23.2481832, 2.90, 0.04, 0.00, 1, 12, 0.58
29501, 125545.90, 37.3829538, 23.2481835, 2.80, 0.08, 0.00, 1, 12, 0.58
29601, 125546.90, 37.3829537, 23.2481837, 2.80, 0.10, 0.00, 1, 12, 0.58
29701, 125547.90, 37.3829535, 23.2481835, 2.90, 0.06, 0.00, 1, 12, 0.56
29801, 125548.90, 37.3829533, 23.2481833, 2.90, 0.13, 0.00, 1, 12, 0.56
29901, 125549.90, 37.3829533, 23.2481833, 2.90, 0.14, 0.00, 1, 12, 0.56
30001, 125550.90, 37.3829533, 23.2481833, 2.90, 0.34, 0.00, 1, 12, 0.56
30101, 125551.90, 37.3829535, 23.2481835, 2.90, 0.09, 0.00, 1, 12, 0.54
30201, 125552.90, 37.3829535, 23.2481835, 2.90, 0.24, 0.00, 1, 12, 0.54
30301, 125553.90, 37.3829533, 23.2481835, 2.90, 0.09, 0.00, 1, 12, 0.54
30401, 125554.90, 37.3829532, 23.2481835, 3.00, 0.10, 0.00, 1, 12, 0.54
30501, 125555.90, 37.3829532, 23.2481833, 3.00, 0.08, 0.00, 1, 12, 0.54
30601, 125556.90, 37.3829532, 23.2481833, 3.10, 0.26, 0.00, 1, 12, 0.54
30701, 125557.90, 37.3829533, 23.2481832, 3.10, 0.61, 59.76, 1, 12, 0.54
30801, 125558.80, 37.3829532, 23.2481832, 3.10, 0.05, 0.00, 1, 12, 0.54
30901, 125559.80, 37.3829530, 23.2481830, 3.00, 0.17, 0.00, 1, 12, 0.54
31001, 125600.80, 37.3829530, 23.2481830, 3.10, 0.07, 0.00, 1, 12, 0.54
31101, 125601.80, 37.3829530, 23.2481830, 3.00, 0.07, 0.00, 1, 12, 0.54
31201, 125602.80, 37.3829528, 23.2481830, 3.00, 0.02, 0.00, 1, 12, 0.54
31301, 125603.80, 37.3829527, 23.2481828, 3.00, 0.16, 0.00, 1, 12, 0.54
31401, 125604.80, 37.3829525, 23.2481830, 2.90, 0.11, 0.00, 1, 12, 0.54
31501, 125605.80, 37.3829525, 23.2481830, 2.90, 0.09, 0.00, 1, 12, 0.54
31601, 125606.80, 37.3829523, 23.2481830, 2.80, 0.05, 0.00, 1, 12, 0.54
31701, 125607.80, 37.3829522, 23.2481830, 2.80, 0.13, 0.00, 1, 12, 0.51
31801, 125608.80, 37.3829522, 23.2481830, 2.70, 0.09, 0.00, 1, 12, 0.54
31901, 125609.80, 37.3829520, 23.2481830, 2.70, 0.11, 0.00, 1, 12, 0.54
32001, 125610.80, 37.3829518, 23.2481832, 2.70, 0.07, 0.00, 1, 12, 0.54
32101, 125611.70, 37.3829518, 23.2481832, 2.60, 0.08, 0.00, 1, 12, 0.51
32201, 125612.70, 37.3829517, 23.2481832, 2.60, 0.16, 0.00, 1, 12, 0.51
32301, 125613.70, 37.3829515, 23.2481830, 2.60, 0.11, 0.00, 1, 12, 0.51
32401, 125614.70, 37.3829517, 23.2481828, 2.60, 0.30, 0.00, 1, 12, 0.51
32501, 125615.70, 37.3829517, 23.2481830, 2.60, 0.26, 0.00, 1, 12, 0.51
32601, 125616.70, 37.3829518, 23.2481832, 2.50, 0.10, 0.00, 1, 12, 0.51
32701, 125617.70, 37.3829520, 23.2481832, 2.60, 0.13, 0.00, 1, 12, 0.53
32801, 125618.70, 37.3829520, 23.2481832, 2.60, 0.20, 0.00, 1, 12, 0.51
32901, 125619.70, 37.3829520, 23.2481830, 2.60, 0.25, 0.00, 1, 12, 0.53
33001, 125620.70, 37.3829522, 23.2481830, 2.50, 0.14, 0.00, 1, 12, 0.53
33101, 125621.70, 37.3829523, 23.2481833, 2.50, 0.07, 0.00, 1, 12, 0.53
33201, 125622.70, 37.3829523, 23.2481833, 2.50, 0.12, 0.00, 1, 12, 0.53
33301, 125623.70, 37.3829525, 23.2481835, 2.50, 0.15, 0.00, 1, 12, 0.53
33401, 125624.70, 37.3829527, 23.2481838, 2.50, 0.09, 0.00, 1, 12, 0.51
33501, 125625.70, 37.3829528, 23.2481840, 2.50, 0.07, 0.00, 1, 12, 0.51
33601, 125626.70, 37.3829530, 23.2481842, 2.50, 0.15, 0.00, 1, 12, 0.53
33701, 125627.70, 37.3829532, 23.2481843, 2.40, 0.10, 0.00, 1, 12, 0.53
33801, 125628.60, 37.3829532, 23.2481845, 2.50, 0.10, 0.00, 1, 12, 0.55
33901, 125629.60, 37.3829533, 23.2481843, 2.50, 0.18, 0.00, 1, 12, 0.55
34001, 125630.60, 37.3829533, 23.2481842, 2.50, 0.19, 0.00, 1, 12, 0.55
34101, 125631.60, 37.3829535, 23.2481840, 2.50, 0.22, 0.00, 1, 12, 0.55
34201, 125632.60, 37.3829537, 23.2481840, 2.50, 0.17, 0.00, 1, 12, 0.56
34301, 125633.60, 37.3829538, 23.2481840, 2.60, 0.15, 0.00, 1, 12, 0.52
34401, 125634.60, 37.3829542, 23.2481838, 2.70, 0.13, 0.00, 1, 12, 0.53
34501, 125635.60, 37.3829543, 23.2481835, 2.70, 0.05, 0.00, 1, 12, 0.55
34601, 125636.60, 37.3829542, 23.2481835, 2.70, 0.04, 0.00, 1, 12, 0.53
34701, 125637.60, 37.3829543, 23.2481837, 2.70, 0.08, 0.00, 1, 12, 0.53
34801, 125638.60, 37.3829545, 23.2481837, 2.70, 0.10, 0.00, 1, 12, 0.53
34901, 125639.60, 37.3829545, 23.2481838, 2.70, 0.12, 0.00, 1, 12, 0.53
35001, 125640.50, 37.3829547, 23.2481840, 2.70, 0.04, 0.00, 1, 12, 0.53
35101, 125641.50, 37.3829547, 23.2481840, 2.70, 0.07, 0.00, 1, 12, 0.53
35201, 125642.50, 37.3829547, 23.2481843, 2.70, 0.22, 0.00, 1, 12, 0.53
35301, 125643.50, 37.3829547, 23.2481847, 2.70, 0.12, 0.00, 1, 12, 0.53
35401, 125644.50, 37.3829543, 23.2481852, 2.70, 1.64, 153.79, 1, 12, 0.51
35501, 125645.50, 37.3829542, 23.2481855, 2.70, 0.18, 0.00, 1, 12, 0.51
35601, 125646.50, 37.3829513, 23.2481882, 2.70, 0.30, 0.00, 1, 12, 0.53
35701, 125647.50, 37.3829513, 23.2481883, 2.70, 0.30, 0.00, 1, 12, 0.51
35801, 125648.50, 37.3829515, 23.2481885, 2.70, 0.18, 0.00, 1, 12, 0.51
35901, 125649.50, 37.3829517, 23.2481885, 2.80, 0.11, 0.00, 1, 12, 0.51
36001, 125650.50, 37.3829513, 23.2481885, 2.80, 0.59, 170.60, 1, 12, 0.53
36101, 125651.50, 37.3829517, 23.2481887, 2.70, 0.18, 0.00, 1, 12, 0.51
36201, 125652.40, 37.3829517, 23.2481890, 2.70, 0.08, 0.00, 1, 12, 0.53
36301, 125653.50, 37.3829517, 23.2481888, 2.60, 0.21, 0.00, 1, 12, 0.51
36401, 125654.40, 37.3829515, 23.2481890, 2.60, 0.13, 0.00, 1, 12, 0.51
36501, 125655.40, 37.3829515, 23.2481890, 2.70, 0.18, 0.00, 1, 12, 0.51
36601, 125656.40, 37.3829515, 23.2481890, 2.70, 0.09, 0.00, 1, 12, 0.51
36701, 125657.40, 37.3829513, 23.2481890, 2.70, 0.08, 0.00, 1, 12, 0.51
36801, 125658.40, 37.3829513, 23.2481890, 2.80, 0.10, 0.00, 1, 12, 0.51
36901, 125659.40, 37.3829512, 23.2481892, 2.80, 0.08, 0.00, 1, 12, 0.51
37001, 125700.40, 37.3829512, 23.2481892, 2.80, 0.09, 0.00, 1, 12, 0.51
37101, 125701.40, 37.3829512, 23.2481893, 2.80, 0.27, 0.00, 1, 12, 0.51
37201, 125702.40, 37.3829512, 23.2481893, 2.90, 0.20, 0.00, 1, 12, 0.51
37301, 125703.40, 37.3829508, 23.2481895, 2.90, 0.21, 0.00, 1, 12, 0.51
37401, 125704.40, 37.3829508, 23.2481893, 3.00, 0.13, 0.00, 1, 12, 0.52
37501, 125705.40, 37.3829507, 23.2481893, 3.00, 0.13, 0.00, 1, 12, 0.52
37601, 125706.40, 37.3829507, 23.2481895, 3.00, 0.08, 0.00, 1, 12, 0.53
37701, 125707.40, 37.3829503, 23.2481897, 3.00, 0.17, 0.00, 1, 12, 0.53
37801, 125708.40, 37.3829502, 23.2481902, 3.10, 0.44, 179.11, 1, 12, 0.51
37901, 125709.30, 37.3829502, 23.2481903, 3.10, 0.05, 0.00, 1, 12, 0.51
38001, 125710.30, 37.3829503, 23.2481903, 3.10, 0.11, 0.00, 1, 12, 0.51
38101, 125711.30, 37.3829503, 23.2481903, 3.20, 0.19, 0.00, 1, 12, 0.51
38201, 125712.30, 37.3829503, 23.2481902, 3.20, 0.26, 0.00, 1, 12, 0.51
38301, 125713.30, 37.3829503, 23.2481902, 3.20, 0.07, 0.00, 1, 12, 0.51
38401, 125714.30, 37.3829503, 23.2481902, 3.30, 0.12, 0.00, 1, 12, 0.51
38501, 125715.30, 37.3829503, 23.2481905, 3.20, 0.55, 86.58, 1, 12, 0.53
38601, 125716.30, 37.3829503, 23.2481913, 3.20, 0.80, 115.92, 1, 12, 0.53
38701, 125717.30, 37.3829503, 23.2481933, 3.20, 1.75, 103.84, 1, 12, 0.56
38801, 125718.30, 37.3829513, 23.2481940, 3.10, 1.37, 337.63, 1, 12, 0.53
38901, 125719.30, 37.3829507, 23.2481953, 3.00, 0.16, 0.00, 1, 12, 0.51
39001, 125720.30, 37.3829495, 23.2481963, 3.20, 3.29, 154.38, 1, 12, 0.51
39101, 125721.30, 37.3829507, 23.2481977, 3.30, 1.28, 103.39, 1, 12, 0.51
39201, 125722.30, 37.3829498, 23.2481960, 3.60, 0.55, 210.65, 1, 12, 0.53
39301, 125723.20, 37.3829502, 23.2481947, 3.50, 0.71, 269.31, 1, 12, 0.51
39401, 125724.20, 37.3829502, 23.2481947, 3.30, 0.37, 0.00, 1, 12, 0.51
39501, 125725.20, 37.3829497, 23.2481945, 3.30, 0.17, 0.00, 1, 12, 0.51
39601, 125726.20, 37.3829495, 23.2481942, 3.30, 0.06, 0.00, 1, 12, 0.51
39701, 125727.20, 37.3829497, 23.2481942, 3.20, 0.12, 0.00, 1, 12, 0.51
39801, 125728.20, 37.3829493, 23.2481943, 3.20, 0.99, 210.55, 1, 12, 0.51
39901, 125729.20, 37.3829487, 23.2481932, 3.30, 0.76, 253.76, 1, 12, 0.54
40001, 125730.20, 37.3829483, 23.2481930, 3.30, 0.10, 0.00, 1, 12, 0.56
40101, 125731.20, 37.3829487, 23.2481937, 3.30, 0.01, 0.00, 1, 12, 0.54
40201, 125732.20, 37.3829488, 23.2481937, 3.20, 0.04, 0.00, 1, 12, 0.51
40301, 125733.20, 37.3829488, 23.2481940, 3.20, 0.21, 0.00, 1, 12, 0.51
40401, 125734.20, 37.3829487, 23.2481942, 3.10, 0.13, 0.00, 1, 12, 0.51
40501, 125735.20, 37.3829488, 23.2481947, 3.10, 0.29, 0.00, 1, 12, 0.51
40601, 125736.20, 37.3829490, 23.2481947, 3.00, 0.21, 0.00, 1, 12, 0.53
40701, 125737.20, 37.3829492, 23.2481947, 3.00, 0.19, 0.00, 1, 12, 0.53
40801, 125738.20, 37.3829490, 23.2481948, 3.00, 0.22, 0.00, 1, 12, 0.51
40901, 125739.00, 37.3829488, 23.2481950, 2.90, 0.20, 0.00, 1, 12, 0.53
41001, 125740.00, 37.3829458, 23.2481953, 2.90, 1.28, 181.84, 1, 12, 0.53
41101, 125741.00, 37.3829448, 23.2481950, 2.90, 0.29, 0.00, 1, 12, 0.53
41201, 125742.00, 37.3829440, 23.2481947, 2.90, 0.45, 94.79, 1, 12, 0.53
41301, 125743.00, 37.3829430, 23.2481940, 2.80, 0.04, 0.00, 1, 12, 0.51
41401, 125744.00, 37.3829462, 23.2481928, 3.20, 1.14, 40.02, 1, 12, 0.53
41501, 125745.10, 37.3829470, 23.2481960, 3.40, 3.12, 86.66, 1, 12, 0.51
41601, 125746.00, 37.3829483, 23.2481963, 3.30, 0.89, 346.24, 1, 12, 0.51
41701, 125747.00, 37.3829495, 23.2481975, 3.40, 0.50, 359.63, 1, 12, 0.53
41801, 125748.10, 37.3829520, 23.2481968, 3.40, 1.79, 16.80, 1, 12, 0.53
41901, 125749.10, 37.3829560, 23.2481998, 3.60, 2.45, 33.12, 1, 12, 0.53
42001, 125750.00, 37.3829553, 23.2482002, 3.70, 0.33, 0.00, 1, 12, 0.53
42101, 125751.10, 37.3829550, 23.2482027, 3.90, 0.72, 0.00, 1, 12, 0.51
42201, 125752.00, 37.3829552, 23.2482060, 4.10, 0.98, 140.39, 1, 12, 0.51
42301, 125753.00, 37.3829553, 23.2482048, 4.10, 0.51, 246.01, 1, 12, 0.51
42401, 125754.00, 37.3829555, 23.2482058, 4.00, 0.33, 0.00, 1, 12, 0.51
42501, 125755.00, 37.3829557, 23.2482057, 4.10, 0.46, 60.56, 1, 12, 0.54
42601, 125756.00, 37.3829552, 23.2482058, 4.00, 0.25, 0.00, 1, 12, 0.54
42701, 125757.00, 37.3829553, 23.2482058, 4.00, 0.35, 0.00, 1, 12, 0.51
42801, 125758.00, 37.3829575, 23.2482047, 3.80, 1.18, 3.03, 1, 12, 0.51
42901, 125758.90, 37.3829568, 23.2482042, 3.80, 0.60, 206.67, 1, 12, 0.53
43001, 125800.00, 37.3829573, 23.2482057, 3.90, 0.55, 73.66, 1, 12, 0.55
43101, 125800.90, 37.3829558, 23.2482068, 3.90, 0.15, 0.00, 1, 12, 0.53
43201, 125801.90, 37.3829555, 23.2482062, 3.90, 0.52, 278.23, 1, 12, 0.53
43301, 125802.90, 37.3829555, 23.2482058, 3.90, 0.25, 0.00, 1, 12, 0.53
43401, 125803.90, 37.3829553, 23.2482055, 3.90, 0.20, 0.00, 1, 12, 0.51
43501, 125804.90, 37.3829555, 23.2482055, 3.90, 0.16, 0.00, 1, 12, 0.53
43601, 125805.90, 37.3829548, 23.2482057, 3.90, 0.18, 0.00, 1, 12, 0.53
43701, 125806.90, 37.3829553, 23.2482060, 3.90, 0.34, 0.00, 1, 12, 0.56
43801, 125807.90, 37.3829553, 23.2482060, 4.00, 0.54, 326.45, 1, 12, 0.56
43901, 125808.90, 37.3829553, 23.2482070, 4.00, 2.53, 109.12, 1, 12, 0.56
44001, 125809.90, 37.3829545, 23.2482087, 4.20, 1.92, 57.55, 1, 12, 0.58
44101, 125810.90, 37.3829537, 23.2482083, 4.20, 0.33, 0.00, 1, 12, 0.56
44201, 125811.90, 37.3829537, 23.2482085, 4.20, 0.23, 0.00, 1, 12, 0.56
44301, 125812.90, 37.3829540, 23.2482085, 4.20, 0.26, 0.00, 1, 12, 0.56
44401, 125813.90, 37.3829542, 23.2482085, 4.20, 0.39, 0.00, 1, 12, 0.56
44501, 125814.90, 37.3829542, 23.2482085, 4.20, 0.33, 0.00, 1, 12, 0.56
44601, 125815.90, 37.3829538, 23.2482072, 4.20, 0.57, 219.16, 1, 12, 0.56
44701, 125816.90, 37.3829542, 23.2482053, 4.30, 0.92, 254.13, 1, 12, 0.53
44801, 125817.90, 37.3829538, 23.2482053, 4.30, 0.20, 0.00, 1, 12, 0.55
44901, 125818.90, 37.3829538, 23.2482055, 4.30, 0.24, 0.00, 1, 12, 0.53
45001, 125819.90, 37.3829540, 23.2482052, 4.30, 0.19, 0.00, 1, 12, 0.53
45101, 125820.90, 37.3829543, 23.2482052, 4.30, 0.28, 0.00, 1, 12, 0.56
45201, 125821.90, 37.3829545, 23.2482060, 4.20, 0.36, 0.00, 1, 12, 0.55
45301, 125822.80, 37.3829547, 23.2482060, 4.20, 0.28, 0.00, 1, 12, 0.51
45401, 125823.80, 37.3829548, 23.2482060, 4.20, 0.17, 0.00, 1, 12, 0.53
45501, 125824.80, 37.3829547, 23.2482063, 4.20, 0.20, 0.00, 1, 12, 0.53
45601, 125825.80, 37.3829547, 23.2482063, 4.30, 0.22, 0.00, 1, 12, 0.54
45701, 125826.80, 37.3829548, 23.2482058, 4.30, 0.06, 0.00, 1, 12, 0.53
45801, 125827.80, 37.3829552, 23.2482057, 4.30, 0.29, 0.00, 1, 12, 0.51
45901, 125828.80, 37.3829552, 23.2482057, 4.40, 0.15, 0.00, 1, 12, 0.51
46001, 125829.80, 37.3829553, 23.2482052, 4.40, 0.19, 0.00, 1, 12, 0.51
46101, 125830.80, 37.3829553, 23.2482052, 4.50, 0.04, 0.00, 1, 12, 0.51
46201, 125831.80, 37.3829555, 23.2482050, 4.40, 0.19, 0.00, 1, 12, 0.51
46301, 125832.80, 37.3829557, 23.2482050, 4.40, 0.31, 0.00, 1, 12, 0.51
46401, 125833.70, 37.3829555, 23.2482052, 4.50, 0.42, 0.00, 1, 12, 0.53
46501, 125834.80, 37.3829563, 23.2482053, 4.50, 0.60, 151.40, 1, 12, 0.53
46601, 125835.70, 37.3829562, 23.2482048, 4.50, 0.26, 0.00, 1, 12, 0.51
46701, 125836.70, 37.3829560, 23.2482045, 4.50, 0.12, 0.00, 1, 12, 0.53
46801, 125837.70, 37.3829560, 23.2482042, 4.50, 0.12, 0.00, 1, 12, 0.51
46901, 125838.70, 37.3829558, 23.2482043, 4.60, 0.51, 276.02, 1, 12, 0.53
47001, 125839.70, 37.3829560, 23.2482043, 4.60, 0.04, 0.00, 1, 12, 0.53
47101, 125840.70, 37.3829562, 23.2482045, 4.50, 0.88, 130.16, 1, 12, 0.53
47201, 125841.70, 37.3829555, 23.2482035, 4.70, 0.35, 0.00, 1, 12, 0.51
47301, 125842.70, 37.3829560, 23.2482027, 4.60, 1.42, 253.97, 1, 12, 0.51
47401, 125843.70, 37.3829560, 23.2482032, 4.50, 0.32, 0.00, 1, 12, 0.54
47501, 125844.70, 37.3829563, 23.2482035, 4.50, 0.14, 0.00, 1, 12, 0.54
47601, 125845.70, 37.3829568, 23.2482032, 4.40, 0.40, 9.42, 1, 12, 0.54
47701, 125846.70, 37.3829570, 23.2482032, 4.30, 0.34, 0.00, 1, 12, 0.54
47801, 125847.70, 37.3829572, 23.2482032, 4.40, 0.76, 213.04, 1, 12, 0.51
47901, 125848.70, 37.3829570, 23.2482030, 4.30, 0.12, 0.00, 1, 12, 0.52
48001, 125849.60, 37.3829568, 23.2482037, 4.30, 0.70, 170.46, 1, 12, 0.51
48101, 125850.60, 37.3829572, 23.2482035, 4.20, 0.61, 83.56, 1, 12, 0.51
48201, 125851.60, 37.3829577, 23.2482032, 4.10, 1.19, 355.21, 1, 12, 0.51
48301, 125852.60, 37.3829577, 23.2482032, 4.10, 0.28, 0.00, 1, 12, 0.51
48401, 125853.60, 37.3829577, 23.2482045, 4.10, 0.53, 35.45, 1, 12, 0.54
48501, 125854.60, 37.3829577, 23.2482038, 4.10, 0.42, 161.15, 1, 12, 0.54
48601, 125855.60, 37.3829577, 23.2482038, 4.10, 0.14, 0.00, 1, 12, 0.54
48701, 125856.60, 37.3829580, 23.2482035, 4.10, 0.33, 0.00, 1, 12, 0.54
48801, 125857.60, 37.3829578, 23.2482035, 4.20, 0.28, 0.00, 1, 12, 0.51
48901, 125858.60, 37.3829578, 23.2482037, 4.20, 1.32, 31.46, 1, 12, 0.54
49001, 125859.60, 37.3829582, 23.2482038, 4.20, 0.13, 0.00, 1, 12, 0.54
49101, 125900.60, 37.3829582, 23.2482038, 4.20, 0.10, 0.00, 1, 12, 0.54
49201, 125901.60, 37.3829580, 23.2482043, 4.20, 0.02, 0.00, 1, 12, 0.54
49301, 125902.60, 37.3829580, 23.2482045, 4.20, 0.06, 0.00, 1, 12, 0.51
49401, 125903.60, 37.3829578, 23.2482047, 4.20, 0.13, 0.00, 1, 12, 0.51
49501, 125904.50, 37.3829578, 23.2482052, 4.20, 0.08, 0.00, 1, 12, 0.53
49601, 125905.50, 37.3829580, 23.2482055, 4.10, 0.53, 72.71, 1, 12, 0.51
49701, 125906.50, 37.3829578, 23.2482050, 4.20, 0.45, 37.25, 2, 12, 0.51
49801, 125907.50, 37.3829575, 23.2482042, 4.30, 0.34, 0.00, 2, 12, 0.51
49901, 125908.50, 37.3829578, 23.2482037, 4.30, 0.32, 0.00, 2, 12, 0.52
50001, 125909.40, 37.3829578, 23.2482033, 4.40, 0.51, 121.01, 2, 12, 0.53
50101, 125910.50, 37.3829582, 23.2482032, 4.50, 0.11, 0.00, 2, 12, 0.53
50201, 125911.50, 37.3829585, 23.2482037, 4.40, 0.20, 0.00, 2, 12, 0.54
50301, 125912.50, 37.3829593, 23.2482033, 4.30, 0.16, 0.00, 2, 12, 0.53
50401, 125913.50, 37.3829600, 23.2482033, 4.20, 0.18, 0.00, 2, 12, 0.55
50501, 125914.50, 37.3829603, 23.2482033, 4.20, 0.24, 0.00, 2, 12, 0.54
50601, 125915.50, 37.3829607, 23.2482037, 4.20, 0.12, 0.00, 2, 12, 0.53
50701, 125916.50, 37.3829600, 23.2482040, 4.20, 0.10, 0.00, 2, 12, 0.51
50801, 125917.50, 37.3829593, 23.2482042, 4.20, 0.38, 177.50, 2, 12, 0.51
50901, 125918.50, 37.3829590, 23.2482045, 4.20, 0.24, 0.00, 2, 12, 0.54
51001, 125919.40, 37.3829585, 23.2482050, 4.10, 0.16, 0.00, 2, 12, 0.56
51101, 125920.40, 37.3829582, 23.2482053, 4.20, 0.28, 0.00, 2, 12, 0.56
51201, 125921.40, 37.3829573, 23.2482058, 4.10, 0.33, 0.00, 2, 12, 0.55
51301, 125922.40, 37.3829567, 23.2482068, 4.30, 0.06, 0.00, 2, 12, 0.54
51401, 125923.40, 37.3829560, 23.2482073, 4.30, 0.11, 0.00, 2, 12, 0.54
51501, 125924.40, 37.3829557, 23.2482075, 4.40, 0.21, 0.00, 2, 12, 0.54
51601, 125925.40, 37.3829558, 23.2482080, 4.50, 0.24, 0.00, 1, 12, 0.54
51701, 125926.40, 37.3829557, 23.2482078, 4.50, 0.08, 0.00, 1, 12, 0.54
51801, 125927.40, 37.3829553, 23.2482077, 4.50, 0.33, 0.00, 1, 12, 0.56
51901, 125928.40, 37.3829555, 23.2482073, 4.50, 0.14, 0.00, 1, 12, 0.54
52001, 125929.40, 37.3829555, 23.2482072, 4.50, 0.47, 0.00, 1, 12, 0.54
52101, 125930.40, 37.3829553, 23.2482073, 4.50, 0.18, 0.00, 1, 12, 0.56
52201, 125931.40, 37.3829553, 23.2482072, 4.50, 0.51, 325.66, 1, 12, 0.54
52301, 125932.40, 37.3829560, 23.2482062, 4.60, 0.24, 0.00, 2, 12, 0.54
52401, 125933.40, 37.3829562, 23.2482055, 4.60, 0.64, 160.84, 2, 12, 0.54
52501, 125934.30, 37.3829565, 23.2482048, 4.70, 0.10, 0.00, 2, 12, 0.54
52601, 125935.30, 37.3829562, 23.2482048, 4.70, 0.13, 0.00, 2, 12, 0.54
52701, 125936.30, 37.3829558, 23.2482052, 4.70, 0.17, 0.00, 2, 12, 0.55
52801, 125937.30, 37.3829558, 23.2482057, 4.80, 0.29, 0.00, 2, 12, 0.51
52901, 125938.30, 37.3829557, 23.2482063, 4.90, 0.18, 0.00, 2, 12, 0.51
53001, 125939.30, 37.3829563, 23.2482062, 4.90, 0.34, 0.00, 2, 12, 0.51
53101, 125940.30, 37.3829577, 23.2482057, 4.80, 0.30, 0.00, 2, 12, 0.51
53201, 125941.30, 37.3829588, 23.2482048, 4.70, 0.19, 0.00, 2, 12, 0.54
53301, 125942.30, 37.3829598, 23.2482042, 4.40, 0.07, 0.00, 2, 12, 0.54
53401, 125943.30, 37.3829605, 23.2482037, 4.30, 0.23, 0.00, 2, 12, 0.54
53501, 125944.30, 37.3829610, 23.2482030, 4.30, 0.35, 0.00, 2, 12, 0.54
53601, 125945.30, 37.3829620, 23.2482022, 4.30, 0.13, 0.00, 2, 12, 0.54
53701, 125946.30, 37.3829648, 23.2482023, 4.40, 0.15, 0.00, 2, 12, 0.54
53801, 125947.20, 37.3829658, 23.2482023, 4.40, 0.05, 0.00, 2, 12, 0.54
53901, 125948.20, 37.3829662, 23.2482022, 4.30, 0.26, 0.00, 2, 12, 0.54
54001, 125949.20, 37.3829663, 23.2482022, 4.30, 0.12, 0.00, 2, 12, 0.54
54101, 125950.20, 37.3829657, 23.2482023, 4.20, 0.17, 0.00, 2, 12, 0.51
54201, 125951.20, 37.3829650, 23.2482030, 4.20, 0.30, 0.00, 2, 12, 0.54
54301, 125952.20, 37.3829645, 23.2482043, 4.30, 0.39, 129.67, 2, 12, 0.53
54401, 125953.20, 37.3829637, 23.2482053, 4.30, 0.18, 0.00, 2, 12, 0.54
54501, 125954.20, 37.3829622, 23.2482065, 4.50, 0.12, 0.00, 2, 12, 0.53
54601, 125955.20, 37.3829610, 23.2482073, 4.70, 0.27, 0.00, 2, 12, 0.53
54701, 125956.20, 37.3829605, 23.2482083, 4.90, 0.41, 64.80, 2, 12, 0.53
54801, 125957.20, 37.3829602, 23.2482090, 5.10, 0.95, 157.59, 2, 12, 0.54
54901, 125958.20, 37.3829593, 23.2482093, 5.30, 0.11, 0.00, 2, 12, 0.54
55001, 125959.20, 37.3829588, 23.2482093, 5.30, 0.13, 0.00, 2, 12, 0.54
55101, 130000.20, 37.3829580, 23.2482092, 5.60, 0.32, 0.00, 2, 12, 0.54
55201, 130001.20, 37.3829578, 23.2482098, 5.60, 0.18, 0.00, 2, 12, 0.55
55301, 130002.20, 37.3829583, 23.2482103, 5.50, 0.37, 48.40, 2, 12, 0.54
55401, 130003.00, 37.3829580, 23.2482105, 5.50, 0.09, 0.00, 2, 12, 0.56
55501, 130004.00, 37.3829583, 23.2482107, 5.40, 0.31, 0.00, 2, 12, 0.54
55601, 130005.00, 37.3829582, 23.2482107, 5.40, 0.12, 0.00, 2, 12, 0.54
55701, 130006.10, 37.3829585, 23.2482105, 5.30, 0.11, 0.00, 2, 12, 0.53
55801, 130007.00, 37.3829590, 23.2482102, 5.30, 0.10, 0.00, 2, 12, 0.51
55901, 130008.00, 37.3829593, 23.2482098, 5.30, 0.14, 0.00, 2, 12, 0.53
56001, 130009.00, 37.3829593, 23.2482097, 5.20, 0.12, 0.00, 2, 12, 0.50
56101, 130010.00, 37.3829597, 23.2482095, 5.20, 0.33, 0.00, 2, 12, 0.51
56201, 130011.00, 37.3829595, 23.2482095, 5.20, 0.46, 337.73, 2, 12, 0.51
56301, 130012.00, 37.3829593, 23.2482092, 5.10, 0.34, 0.00, 2, 12, 0.51
56401, 130013.00, 37.3829587, 23.2482103, 5.10, 0.36, 0.00, 2, 12, 0.51
56501, 130014.00, 37.3829580, 23.2482108, 5.20, 0.35, 0.00, 2, 12, 0.52
56601, 130015.00, 37.3829580, 23.2482112, 5.40, 0.35, 0.00, 2, 12, 0.51
56701, 130016.10, 37.3829572, 23.2482117, 5.40, 0.17, 0.00, 2, 12, 0.56
56801, 130017.10, 37.3829565, 23.2482120, 5.40, 0.10, 0.00, 2, 12, 0.54
56901, 130018.00, 37.3829567, 23.2482123, 5.40, 0.03, 0.00, 2, 12, 0.54
57001, 130019.00, 37.3829572, 23.2482135, 5.30, 0.36, 330.07, 2, 12, 0.54
57101, 130020.00, 37.3829572, 23.2482135, 5.30, 0.09, 0.00, 2, 12, 0.54
57201, 130020.90, 37.3829565, 23.2482137, 5.20, 0.22, 0.00, 2, 12, 0.51
57301, 130021.90, 37.3829555, 23.2482130, 5.30, 0.07, 0.00, 2, 12, 0.54
57401, 130022.90, 37.3829557, 23.2482127, 5.40, 0.11, 0.00, 2, 12, 0.51
57501, 130023.90, 37.3829557, 23.2482128, 5.50, 0.07, 0.00, 2, 12, 0.51
57601, 130025.00, 37.3829545, 23.2482135, 5.70, 0.18, 0.00, 2, 12, 0.51
57701, 130025.90, 37.3829542, 23.2482137, 5.70, 0.34, 0.00, 2, 12, 0.51
57801, 130027.00, 37.3829530, 23.2482135, 5.70, 0.07, 0.00, 2, 12, 0.51
57901, 130027.90, 37.3829523, 23.2482132, 5.70, 0.13, 0.00, 2, 12, 0.51
58001, 130028.90, 37.3829515, 23.2482135, 5.80, 0.31, 0.00, 2, 12, 0.51
58101, 130029.90, 37.3829510, 23.2482133, 5.90, 0.07, 0.00, 2, 12, 0.53
58201, 130030.90, 37.3829503, 23.2482132, 5.90, 0.08, 0.00, 2, 12, 0.53
58301, 130031.90, 37.3829490, 23.2482140, 6.10, 0.30, 0.00, 2, 12, 0.53
58401, 130032.90, 37.3829493, 23.2482135, 6.10, 0.11, 0.00, 2, 12, 0.55
58501, 130033.90, 37.3829497, 23.2482128, 6.20, 0.31, 0.00, 2, 12, 0.53
58601, 130034.90, 37.3829512, 23.2482123, 6.20, 0.36, 4.33, 2, 12, 0.53
58701, 130035.90, 37.3829518, 23.2482115, 6.10, 0.54, 0.95, 2, 12, 0.56
58801, 130036.90, 37.3829525, 23.2482110, 6.10, 0.18, 0.00, 2, 12, 0.56
58901, 130037.90, 37.3829527, 23.2482115, 6.20, 0.13, 0.00, 2, 12, 0.53
59001, 130038.90, 37.3829527, 23.2482113, 6.30, 0.08, 0.00, 2, 12, 0.53
59101, 130039.90, 37.3829527, 23.2482115, 6.30, 0.15, 0.00, 2, 12, 0.51
59201, 130040.90, 37.3829528, 23.2482117, 6.30, 0.27, 0.00, 2, 12, 0.53
59301, 130041.90, 37.3829532, 23.2482120, 6.20, 0.19, 0.00, 2, 12, 0.51
59401, 130042.90, 37.3829533, 23.2482120, 6.10, 0.16, 0.00, 2, 12, 0.51
59501, 130043.90, 37.3829533, 23.2482120, 6.00, 0.12, 0.00, 2, 12, 0.51
59601, 130044.90, 37.3829535, 23.2482123, 6.00, 0.16, 0.00, 2, 12, 0.51
59701, 130045.90, 37.3829538, 23.2482122, 6.00, 0.32, 0.00, 2, 12, 0.51
59801, 130046.90, 37.3829545, 23.2482117, 5.90, 0.80, 233.20, 2, 12, 0.53
59901, 130047.80, 37.3829553, 23.2482108, 6.00, 0.64, 319.68, 2, 12, 0.52
60001, 130048.80, 37.3829562, 23.2482107, 5.90, 0.18, 0.00, 2, 12, 0.51
60101, 130049.80, 37.3829567, 23.2482107, 5.80, 0.12, 0.00, 2, 12, 0.54
60201, 130050.80, 37.3829570, 23.2482107, 5.90, 0.14, 0.00, 2, 12, 0.54
60301, 130051.80, 37.3829573, 23.2482107, 5.90, 0.14, 0.00, 2, 12, 0.54
60401, 130052.80, 37.3829578, 23.2482107, 5.90, 0.27, 0.00, 2, 12, 0.54
60501, 130053.80, 37.3829583, 23.2482107, 5.90, 0.15, 0.00, 2, 12, 0.54
60601, 130054.80, 37.3829590, 23.2482103, 5.90, 0.23, 0.00, 2, 12, 0.51
60701, 130055.80, 37.3829595, 23.2482102, 5.80, 0.05, 0.00, 2, 12, 0.54
60801, 130056.80, 37.3829600, 23.2482100, 5.70, 0.07, 0.00, 2, 12, 0.54
60901, 130057.80, 37.3829603, 23.2482098, 5.70, 0.18, 0.00, 2, 12, 0.54
61001, 130058.80, 37.3829607, 23.2482097, 5.70, 0.01, 0.00, 2, 12, 0.54
61101, 130059.70, 37.3829608, 23.2482097, 5.70, 0.06, 0.00, 2, 12, 0.51
61201, 130100.70, 37.3829612, 23.2482093, 5.70, 0.03, 0.00, 2, 12, 0.51
61301, 130101.70, 37.3829615, 23.2482090, 5.70, 0.14, 0.00, 2, 12, 0.51
61401, 130102.70, 37.3829615, 23.2482087, 5.80, 0.08, 0.00, 2, 12, 0.51
61501, 130103.70, 37.3829615, 23.2482083, 5.80, 0.08, 0.00, 2, 12, 0.51
61601, 130104.70, 37.3829613, 23.2482082, 5.90, 0.06, 0.00, 2, 12, 0.53
61701, 130105.70, 37.3829610, 23.2482083, 5.90, 0.08, 0.00, 2, 12, 0.53
61801, 130106.70, 37.3829607, 23.2482085, 5.90, 0.11, 0.00, 2, 12, 0.51
61901, 130107.70, 37.3829603, 23.2482087, 5.90, 0.09, 0.00, 2, 12, 0.53
62001, 130108.70, 37.3829602, 23.2482085, 5.80, 0.04, 0.00, 2, 12, 0.51
62101, 130109.70, 37.3829602, 23.2482083, 5.80, 0.05, 0.00, 2, 12, 0.51
62201, 130110.70, 37.3829602, 23.2482080, 5.80, 0.05, 0.00, 2, 12, 0.51
62301, 130111.70, 37.3829600, 23.2482077, 5.70, 0.06, 0.00, 2, 12, 0.51
62401, 130112.70, 37.3829600, 23.2482075, 5.70, 0.12, 0.00, 2, 12, 0.51
62501, 130113.70, 37.3829600, 23.2482073, 5.60, 0.01, 0.00, 2, 12, 0.51
62601, 130114.60, 37.3829600, 23.2482070, 5.60, 0.06, 0.00, 2, 12, 0.51
62701, 130115.60, 37.3829600, 23.2482068, 5.60, 0.20, 0.00, 2, 12, 0.51
62801, 130116.60, 37.3829598, 23.2482065, 5.50, 0.11, 0.00, 2, 12, 0.53
62901, 130117.60, 37.3829598, 23.2482063, 5.50, 0.19, 0.00, 2, 12, 0.51
63001, 130118.60, 37.3829598, 23.2482060, 5.40, 0.19, 0.00, 2, 12, 0.51
63101, 130119.60, 37.3829597, 23.2482057, 5.30, 0.06, 0.00, 2, 12, 0.51
63201, 130120.60, 37.3829593, 23.2482053, 5.30, 0.14, 0.00, 2, 12, 0.51
63301, 130121.60, 37.3829590, 23.2482050, 5.30, 0.05, 0.00, 2, 12, 0.51
63401, 130122.60, 37.3829587, 23.2482050, 5.30, 0.03, 0.00, 2, 12, 0.51
63501, 130123.60, 37.3829587, 23.2482052, 5.20, 0.09, 0.00, 2, 12, 0.51
63601, 130124.60, 37.3829583, 23.2482052, 5.20, 0.24, 0.00, 2, 12, 0.51
63701, 130125.60, 37.3829585, 23.2482053, 5.20, 0.13, 0.00, 2, 12, 0.51
63801, 130126.60, 37.3829582, 23.2482053, 5.20, 0.09, 0.00, 2, 12, 0.51
63901, 130127.60, 37.3829585, 23.2482053, 5.30, 0.19, 0.00, 2, 12, 0.51
64001, 130128.60, 37.3829590, 23.2482055, 5.30, 0.04, 0.00, 2, 12, 0.51
64101, 130129.60, 37.3829593, 23.2482057, 5.40, 0.16, 0.00, 2, 12, 0.51
64201, 130130.50, 37.3829593, 23.2482057, 5.40, 0.19, 0.00, 2, 12, 0.51
64301, 130131.50, 37.3829590, 23.2482060, 5.30, 0.46, 142.64, 2, 12, 0.53
64401, 130132.50, 37.3829587, 23.2482063, 5.20, 0.04, 0.00, 2, 12, 0.51
64501, 130133.50, 37.3829587, 23.2482063, 5.20, 0.18, 0.00, 2, 12, 0.51
64601, 130134.50, 37.3829585, 23.2482068, 5.20, 0.05, 0.00, 2, 12, 0.51
64701, 130135.50, 37.3829585, 23.2482073, 5.20, 0.06, 0.00, 2, 12, 0.52
64801, 130136.50, 37.3829583, 23.2482078, 5.10, 0.24, 0.00, 2, 12, 0.54
64901, 130137.50, 37.3829583, 23.2482082, 5.10, 0.13, 0.00, 2, 12, 0.54
65001, 130138.50, 37.3829575, 23.2482075, 5.10, 1.25, 206.39, 2, 12, 0.56
65101, 130139.50, 37.3829533, 23.2482047, 5.10, 2.52, 226.75, 2, 12, 0.55
65201, 130140.50, 37.3829483, 23.2482000, 5.10, 2.48, 218.81, 2, 12, 0.58
65301, 130141.50, 37.3829417, 23.2481973, 5.30, 2.24, 230.93, 2, 12, 0.62
65401, 130142.50, 37.3829372, 23.2481955, 5.30, 0.89, 199.09, 2, 12, 0.51
65501, 130143.50, 37.3829370, 23.2481950, 5.30, 0.21, 0.00, 2, 12, 0.53
65601, 130144.40, 37.3829373, 23.2481953, 5.20, 0.41, 309.55, 2, 12, 0.53
65701, 130145.40, 37.3829375, 23.2481948, 5.10, 0.25, 0.00, 2, 12, 0.52
65801, 130146.40, 37.3829353, 23.2481930, 5.00, 1.16, 237.63, 2, 12, 0.54
65901, 130147.40, 37.3829358, 23.2481882, 4.80, 3.26, 290.42, 2, 12, 0.51
66001, 130148.40, 37.3829388, 23.2481840, 4.70, 0.69, 311.65, 2, 12, 0.51
66101, 130149.40, 37.3829377, 23.2481843, 4.70, 1.84, 153.10, 2, 12, 0.54
66201, 130150.40, 37.3829373, 23.2481820, 4.80, 1.35, 294.89, 2, 12, 0.55
66301, 130151.40, 37.3829363, 23.2481795, 5.10, 0.27, 0.00, 2, 12, 0.56
66401, 130152.40, 37.3829365, 23.2481780, 5.30, 1.55, 0.00, 2, 12, 0.57
66501, 130153.40, 37.3829377, 23.2481693, 5.40, 3.31, 280.51, 2, 12, 0.60
66601, 130154.40, 37.3829308, 23.2481557, 5.60, 4.69, 243.26, 2, 12, 0.68
66701, 130155.40, 37.3829162, 23.2481393, 5.60, 6.65, 227.13, 1, 12, 0.71
66801, 130156.40, 37.3828897, 23.2481177, 5.70, 9.57, 216.94, 2, 7, 1.06
66901, 130157.40, 37.3829008, 23.2481513, 5.70, 2.81, 186.01, 2, 12, 0.81
67001, 130158.40, 37.3829128, 23.2481478, 5.50, 0.82, 338.83, 2, 12, 0.57
67101, 130159.40, 37.3829142, 23.2481510, 5.50, 1.10, 309.64, 2, 12, 0.57
67201, 130200.30, 37.3829142, 23.2481500, 5.30, 0.62, 270.40, 2, 12, 0.57
67301, 130201.30, 37.3829147, 23.2481508, 4.90, 0.21, 0.00, 2, 12, 0.57
67401, 130202.30, 37.3829178, 23.2481512, 4.70, 1.49, 342.14, 2, 12, 0.57
67501, 130203.30, 37.3829198, 23.2481530, 4.40, 0.63, 33.31, 2, 12, 0.57
67601, 130204.30, 37.3829210, 23.2481555, 4.30, 0.67, 57.69, 2, 12, 0.57
67701, 130205.30, 37.3829213, 23.2481578, 4.10, 0.47, 99.26, 2, 12, 0.57
67801, 130206.30, 37.3829213, 23.2481602, 4.00, 0.63, 109.43, 2, 12, 0.57
67901, 130207.30, 37.3829212, 23.2481620, 3.90, 0.81, 132.01, 2, 12, 0.54
68001, 130208.30, 37.3829207, 23.2481645, 3.70, 0.62, 135.22, 2, 12, 0.54
68101, 130209.30, 37.3829193, 23.2481658, 3.60, 0.63, 168.89, 2, 12, 0.55
68201, 130210.30, 37.3829193, 23.2481648, 3.60, 0.53, 214.87, 2, 12, 0.54
68301, 130211.20, 37.3829202, 23.2481635, 3.60, 0.81, 214.70, 2, 12, 0.54
68401, 130212.20, 37.3829177, 23.2481625, 3.80, 0.91, 253.39, 2, 12, 0.51
68501, 130213.20, 37.3829172, 23.2481617, 3.80, 0.65, 257.44, 2, 12, 0.51
68601, 130214.20, 37.3829177, 23.2481588, 3.80, 0.89, 289.63, 2, 12, 0.51
68701, 130215.20, 37.3829168, 23.2481602, 3.80, 0.76, 111.10, 2, 12, 0.51
68801, 130216.20, 37.3829162, 23.2481610, 3.70, 1.81, 59.20, 2, 12, 0.51
68901, 130217.20, 37.3829123, 23.2481560, 3.70, 2.63, 234.84, 2, 12, 0.53
69001, 130218.20, 37.3829102, 23.2481515, 3.70, 1.41, 0.00, 2, 12, 0.62
69101, 130219.20, 37.3829118, 23.2481535, 3.60, 0.67, 0.00, 2, 12, 0.60
69201, 130220.20, 37.3829013, 23.2481532, 3.60, 2.79, 208.00, 2, 12, 0.67
69301, 130221.20, 37.3828862, 23.2481570, 3.50, 5.22, 168.48, 2, 10, 0.86
69401, 130222.20, 37.3828882, 23.2481620, 3.00, 0.81, 178.01, 2, 12, 0.58
69501, 130223.20, 37.3828850, 23.2481607, 2.90, 1.88, 0.00, 2, 12, 0.66
69601, 130224.20, 37.3828747, 23.2481600, 2.60, 3.76, 183.07, 2, 12, 0.76
69701, 130225.20, 37.3828642, 23.2481592, 2.40, 4.02, 0.00, 2, 12, 0.81
69801, 130226.20, 37.3828542, 23.2481592, 2.20, 4.05, 0.00, 2, 12, 0.82
69901, 130227.20, 37.3828575, 23.2481313, 2.10, 5.44, 238.32, 2, 6, 1.94
70001, 130228.20, 37.3828435, 23.2481107, 2.00, 7.23, 232.70, 2, 10, 0.94
70101, 130229.20, 37.3828212, 23.2481072, 2.20, 7.39, 208.38, 2, 10, 0.89
70201, 130230.20, 37.3827990, 23.2481055, 0.00, 7.89, 197.55, 0, 0, 99.99
70301, 130231.20, 37.3827683, 23.2481030, 2.70, 9.47, 191.33, 1, 12, 0.91
70401, 130232.20, 37.3827305, 23.2481025, 3.20, 11.21, 187.18, 1, 12, 0.91
70501, 130232.60, 37.3827225, 23.2481033, 0.00, 10.72, 185.78, 0, 0, 99.99
70601, 130232.60, 37.3827225, 23.2481033, 0.00, 10.72, 185.78, 0, 0, 99.99
70701, 130235.10, 37.3826843, 23.2480842, 3.10, 6.52, 198.31, 1, 5, 2.52
70801, 130236.10, 37.3826717, 23.2480785, 3.40, 5.94, 199.03, 1, 5, 2.52
70901, 130237.10, 37.3826552, 23.2480723, 3.30, 5.74, 195.03, 1, 4, 2.82
71001, 130238.10, 37.3826425, 23.2480595, 3.30, 6.50, 200.28, 1, 5, 3.82
71101, 130239.10, 37.3826312, 23.2480473, 3.40, 6.78, 202.21, 1, 3, 3.02
71201, 130240.10, 37.3826360, 23.2480500, 3.50, 5.21, 0.00, 1, 5, 2.32
71301, 130241.10, 37.3826585, 23.2480608, 3.60, 3.73, 0.00, 1, 4, 1.89
71401, 130241.30, 37.3826645, 23.2480632, 0.00, 3.37, 0.00, 0, 0, 99.99
71501, 130241.30, 37.3826645, 23.2480632, 0.00, 3.37, 0.00, 0, 0, 99.99
71601, 130241.30, 37.3826645, 23.2480632, 0.00, 3.37, 0.00, 0, 0, 99.99
71701, 130241.30, 37.3826645, 23.2480632, 0.00, 3.37, 0.00, 0, 0, 99.99
71801, 130246.00, 37.3825943, 23.2480852, 3.80, 6.28, 0.00, 2, 4, 3.34
71901, 130247.00, 37.3825917, 23.2480850, 5.00, 3.52, 167.62, 2, 12, 0.95
72001, 130248.00, 37.3825592, 23.2480877, 5.40, 8.00, 170.91, 2, 5, 2.39
72101, 130249.00, 37.3825397, 23.2481025, 5.70, 7.57, 172.01, 2, 11, 1.34
72201, 130250.00, 37.3825398, 23.2480997, 6.10, 4.57, 189.19, 1, 12, 0.99
72301, 130251.00, 37.3825288, 23.2480745, 6.40, 6.63, 211.77, 1, 12, 0.79
72401, 130252.00, 37.3825112, 23.2480460, 6.70, 8.47, 225.62, 1, 12, 0.83
72501, 130252.90, 37.3825315, 23.2480410, 0.00, 5.47, 243.02, 0, 0, 99.99
72601, 130254.00, 37.3825400, 23.2480313, 7.50, 4.19, 0.00, 1, 4, 2.24
72701, 130255.00, 37.3825672, 23.2480655, 6.90, 0.58, 0.00, 2, 10, 0.96
72801, 130256.00, 37.3825638, 23.2480722, 7.50, 3.33, 216.09, 2, 7, 0.99
72901, 130256.90, 37.3825640, 23.2480872, 7.90, 3.93, 172.33, 2, 6, 1.14
73001, 130257.90, 37.3825627, 23.2480912, 8.10, 4.29, 174.07, 1, 6, 1.07
73101, 130258.70, 37.3825853, 23.2480800, 0.00, 1.93, 0.00, 0, 0, 99.99
73201, 130259.90, 37.3825820, 23.2480843, 8.50, 0.35, 0.00, 1, 7, 2.23
73301, 130300.90, 37.3826357, 23.2481117, 9.20, 1.47, 0.00, 1, 10, 0.93
73401, 130301.90, 37.3826530, 23.2481042, 9.50, 1.58, 0.00, 1, 4, 16.80
73501, 130302.90, 37.3826607, 23.2481030, 9.90, 0.74, 0.00, 1, 10, 0.98
73601, 130303.90, 37.3826735, 23.2481083, 10.10, 1.71, 0.00, 1, 6, 2.30
73701, 130304.90, 37.3826738, 23.2481135, 10.40, 0.42, 0.00, 1, 6, 1.66
73801, 130305.90, 37.3826695, 23.2481187, 10.70, 1.55, 0.00, 1, 8, 1.24
73901, 130306.90, 37.3826653, 23.2481163, 11.10, 1.31, 0.00, 1, 7, 1.11
74001, 130307.60, 37.3826672, 23.2481182, 0.00, 0.37, 0.00, 0, 0, 99.99
74101, 130307.60, 37.3826672, 23.2481182, 0.00, 0.37, 0.00, 0, 0, 99.99
74201, 130307.60, 37.3826672, 23.2481182, 0.00, 0.37, 0.00, 0, 0, 99.99
74301, 130310.90, 37.3826245, 23.2480993, 10.40, 4.64, 0.00, 1, 5, 3.95
74401, 130311.70, 37.3825882, 23.2480688, 0.00, 7.71, 203.09, 0, 0, 99.99
74501, 130312.90, 37.3825498, 23.2480458, 10.50, 9.52, 202.65, 1, 3, 6.62
74601, 130313.10, 37.3825453, 23.2480433, 0.00, 9.55, 201.80, 0, 3, 39.61
74701, 130314.90, 37.3825015, 23.2480212, 10.50, 9.86, 201.54, 1, 4, 6.21
74801, 130315.30, 37.3824888, 23.2479997, 0.00, 10.33, 205.74, 0, 0, 99.99
74901, 130315.30, 37.3824888, 23.2479997, 0.00, 10.33, 205.74, 0, 0, 99.99
75001, 130315.30, 37.3824888, 23.2479997, 0.00, 10.33, 205.74, 0, 0, 99.99
75101, 130315.30, 37.3824888, 23.2479997, 0.00, 10.33, 205.74, 0, 0, 99.99
75201, 130319.80, 37.3824205, 23.2479130, 10.50, 9.31, 223.34, 1, 4, 9.10
75301, 130320.80, 37.3825578, 23.2481113, 10.50, 2.87, 0.00, 1, 9, 1.12
75401, 130321.80, 37.3827030, 23.2481928, 10.40, 8.98, 29.76, 1, 9, 1.12
75501, 130322.80, 37.3827053, 23.2482088, 10.40, 8.03, 37.35, 1, 4, 6.33
75601, 130323.80, 37.3827212, 23.2482242, 10.40, 8.03, 37.51, 1, 3, 1.98
75701, 130324.70, 37.3827357, 23.2482378, 0.00, 8.03, 37.51, 0, 0, 99.99
75801, 130325.80, 37.3826883, 23.2482052, 10.60, 1.24, 0.00, 1, 4, 14.30
75901, 130326.80, 37.3826913, 23.2482148, 10.80, 5.74, 196.54, 1, 8, 1.07
76001, 130327.80, 37.3826983, 23.2482017, 10.80, 5.87, 193.60, 1, 6, 1.28
76101, 130328.80, 37.3826905, 23.2481905, 11.00, 6.00, 200.49, 1, 6, 1.48
76201, 130329.80, 37.3826905, 23.2481807, 11.20, 4.01, 216.84, 1, 7, 1.02
76301, 130330.50, 37.3827043, 23.2481663, 0.00, 4.16, 254.98, 0, 0, 99.99
76401, 130331.80, 37.3826963, 23.2481517, 11.40, 4.69, 246.75, 1, 5, 1.31
76501, 130332.80, 37.3827038, 23.2481467, 11.70, 2.97, 0.00, 1, 4, 1.95
76601, 130333.50, 37.3827483, 23.2481768, 0.00, 9.18, 343.31, 0, 0, 99.99
76701, 130333.50, 37.3827483, 23.2481768, 0.00, 9.18, 343.31, 0, 0, 99.99
76801, 130333.50, 37.3827483, 23.2481768, 0.00, 9.18, 343.31, 0, 0, 99.99
76901, 130333.50, 37.3827483, 23.2481768, 0.00, 9.18, 343.31, 0, 0, 99.99
77001, 130337.50, 37.3828463, 23.2481953, 0.00, 9.79, 351.82, 0, 0, 99.99
77101, 130338.70, 37.3828920, 23.2480745, 13.20, 12.05, 328.16, 1, 7, 1.28
77201, 130339.20, 37.3828888, 23.2480393, 0.00, 10.90, 317.85, 0, 0, 99.99
77301, 130340.70, 37.3829138, 23.2480053, 12.30, 10.43, 314.05, 1, 3, 15.09
77401, 130341.70, 37.3829197, 23.2481152, 12.00, 6.51, 0.00, 2, 3, 1.97
77501, 130342.10, 37.3829217, 23.2481493, 0.00, 6.08, 0.00, 0, 0, 99.99
77601, 130342.10, 37.3829217, 23.2481493, 0.00, 6.08, 0.00, 0, 0, 99.99
77701, 130344.70, 37.3829432, 23.2481477, 0.00, 4.95, 0.00, 0, 0, 99.99
77801, 130345.70, 37.3828193, 23.2480392, 12.00, 4.54, 274.17, 1, 8, 1.29
77901, 130346.60, 37.3827207, 23.2478938, 11.70, 8.14, 281.05, 1, 12, 0.94
78001, 130347.60, 37.3827082, 23.2478532, 11.10, 9.35, 305.36, 1, 12, 0.98
78101, 130348.60, 37.3827097, 23.2478612, 7.90, 7.65, 317.60, 2, 12, 0.56
78201, 130349.60, 37.3827275, 23.2478562, 6.00, 11.29, 319.93, 2, 12, 0.53
78301, 130350.60, 37.3827440, 23.2478468, 4.20, 8.75, 316.12, 2, 12, 0.52
78401, 130351.60, 37.3827575, 23.2478293, 3.50, 11.22, 312.75, 2, 12, 0.52
78501, 130352.60, 37.3827710, 23.2478070, 3.30, 12.34, 309.10, 2, 12, 0.51
78601, 130353.60, 37.3827840, 23.2477832, 2.90, 9.84, 296.94, 2, 12, 0.51
78701, 130354.60, 37.3827982, 23.2477600, 3.10, 12.37, 316.01, 2, 12, 0.51
78801, 130355.60, 37.3828183, 23.2477340, 2.50, 10.82, 309.57, 2, 12, 0.53
78901, 130356.60, 37.3828387, 23.2477157, 2.30, 11.02, 315.39, 2, 12, 0.53
79001, 130357.50, 37.3828578, 23.2476962, 1.90, 11.12, 323.07, 2, 12, 0.51
79101, 130358.50, 37.3828790, 23.2476727, 1.60, 12.86, 313.53, 2, 12, 0.51
79201, 130359.50, 37.3829018, 23.2476447, 1.40, 15.24, 313.93, 2, 12, 0.51
79301, 130400.50, 37.3829253, 23.2476142, 1.20, 13.78, 317.82, 2, 12, 0.51
79401, 130401.50, 37.3829507, 23.2475830, 1.40, 12.69, 322.64, 2, 12, 0.51
79501, 130402.50, 37.3829745, 23.2475560, 1.50, 13.82, 325.28, 2, 12, 0.51
79601, 130403.50, 37.3830030, 23.2475360, 1.90, 13.09, 338.67, 2, 12, 0.51
79701, 130404.50, 37.3830370, 23.2475243, 1.70, 15.87, 352.08, 2, 12, 0.51
79801, 130405.50, 37.3830713, 23.2475302, 1.80, 12.94, 16.63, 2, 12, 0.53
79901, 130406.50, 37.3831098, 23.2475488, 1.80, 13.38, 40.65, 2, 12, 0.51
80001, 130407.50, 37.3831365, 23.2475807, 2.20, 15.14, 53.80, 2, 12, 0.51
80101, 130408.50, 37.3831443, 23.2476237, 2.70, 15.34, 83.93, 2, 12, 0.51
80201, 130409.50, 37.3831445, 23.2476677, 2.90, 13.14, 99.59, 2, 12, 0.51
80301, 130410.40, 37.3831337, 23.2477075, 2.70, 15.30, 107.64, 2, 12, 0.54
80401, 130411.40, 37.3831135, 23.2477418, 3.10, 14.01, 127.90, 2, 12, 0.51
80501, 130412.40, 37.3830870, 23.2477710, 2.80, 14.81, 135.02, 2, 12, 0.51
80601, 130413.30, 37.3830642, 23.2477958, 3.10, 15.60, 144.68, 2, 12, 0.53
80701, 130414.40, 37.3830400, 23.2478298, 3.60, 11.37, 124.16, 2, 12, 0.51
80801, 130415.40, 37.3830165, 23.2478593, 3.50, 13.21, 143.98, 2, 12, 0.51
80901, 130416.40, 37.3829907, 23.2478905, 3.30, 15.73, 141.86, 2, 12, 0.51
81001, 130417.40, 37.3829650, 23.2479195, 3.50, 14.13, 140.44, 2, 12, 0.51
81101, 130418.40, 37.3829418, 23.2479528, 3.30, 13.77, 134.33, 2, 12, 0.51
81201, 130419.40, 37.3829207, 23.2479853, 3.10, 15.38, 131.60, 2, 12, 0.51
81301, 130420.40, 37.3828963, 23.2480148, 3.20, 11.98, 131.11, 2, 12, 0.51
81401, 130421.40, 37.3828743, 23.2480485, 3.20, 12.23, 121.82, 2, 12, 0.51
81501, 130422.40, 37.3828575, 23.2480835, 3.10, 12.51, 124.40, 2, 12, 0.51
81601, 130423.40, 37.3828417, 23.2481152, 3.40, 11.94, 119.57, 2, 12, 0.51
81701, 130424.30, 37.3828253, 23.2481447, 2.90, 14.15, 126.24, 2, 12, 0.51
81801, 130425.40, 37.3828008, 23.2481772, 3.10, 14.95, 144.20, 2, 12, 0.51
81901, 130426.40, 37.3827728, 23.2481942, 3.00, 10.61, 164.93, 2, 12, 0.51
82001, 130427.40, 37.3827418, 23.2482055, 3.00, 12.33, 169.43, 2, 12, 0.51
82101, 130428.40, 37.3827135, 23.2482135, 2.90, 10.24, 159.39, 2, 12, 0.51
82201, 130429.30, 37.3826947, 23.2482217, 2.70, 7.62, 172.79, 2, 12, 0.51
82301, 130430.40, 37.3826805, 23.2482277, 2.70, 4.81, 157.86, 2, 12, 0.52
82401, 130431.30, 37.3826783, 23.2482343, 2.50, 2.44, 112.99, 2, 12, 0.57
82501, 130432.30, 37.3826768, 23.2482407, 2.40, 1.80, 0.00, 2, 12, 0.67
82601, 130433.40, 37.3826680, 23.2482517, 2.20, 4.09, 0.00, 2, 12, 0.71
82701, 130434.30, 37.3826587, 23.2482632, 2.10, 5.13, 133.41, 2, 12, 0.67
82801, 130435.30, 37.3826552, 23.2482505, 1.40, 2.49, 159.78, 2, 12, 0.63
82901, 130436.30, 37.3826517, 23.2482490, 2.10, 1.07, 106.11, 2, 12, 0.51
83001, 130437.30, 37.3826473, 23.2482538, 2.10, 1.19, 64.33, 2, 12, 0.51
83101, 130438.30, 37.3826525, 23.2482598, 2.40, 1.59, 19.57, 2, 12, 0.51
83201, 130439.30, 37.3826615, 23.2482610, 2.80, 1.62, 318.68, 2, 12, 0.51
83301, 130440.30, 37.3826635, 23.2482567, 2.90, 1.55, 324.90, 2, 12, 0.51
83401, 130441.30, 37.3826655, 23.2482537, 3.10, 1.51, 311.41, 2, 12, 0.51
83501, 130442.30, 37.3826675, 23.2482502, 3.20, 1.08, 309.99, 2, 12, 0.51
83601, 130443.20, 37.3826692, 23.2482473, 3.40, 1.01, 298.95, 2, 12, 0.51
83701, 130444.20, 37.3826708, 23.2482452, 3.50, 0.26, 0.00, 2, 12, 0.51
83801, 130445.20, 37.3826727, 23.2482447, 3.40, 0.77, 338.51, 2, 12, 0.51
83901, 130446.20, 37.3826733, 23.2482432, 3.30, 0.62, 292.12, 2, 12, 0.51
84001, 130447.20, 37.3826735, 23.2482415, 3.40, 1.51, 300.37, 2, 12, 0.51
84101, 130448.20, 37.3826745, 23.2482392, 3.30, 0.26, 0.00, 2, 12, 0.51
84201, 130449.20, 37.3826740, 23.2482373, 3.40, 0.70, 202.86, 2, 12, 0.51
84301, 130450.20, 37.3826733, 23.2482353, 3.40, 2.21, 251.69, 2, 12, 0.51
84401, 130451.20, 37.3826727, 23.2482327, 3.30, 0.87, 246.61, 2, 12, 0.51
84501, 130452.20, 37.3826728, 23.2482317, 3.40, 1.00, 253.62, 2, 12, 0.51
84601, 130453.20, 37.3826730, 23.2482302, 3.40, 0.94, 250.36, 2, 12, 0.52
84701, 130454.20, 37.3826730, 23.2482280, 3.30, 0.51, 323.32, 2, 12, 0.52
84801, 130455.20, 37.3826730, 23.2482252, 3.40, 0.93, 281.37, 2, 12, 0.52
84901, 130456.20, 37.3826735, 23.2482232, 3.40, 0.57, 264.89, 2, 12, 0.52
85001, 130457.20, 37.3826755, 23.2482223, 3.40, 1.56, 14.55, 2, 12, 0.52
85101, 130458.20, 37.3826790, 23.2482215, 3.40, 2.02, 354.66, 2, 12, 0.52
85201, 130459.20, 37.3826815, 23.2482217, 3.30, 1.83, 60.13, 2, 12, 0.55
85301, 130500.20, 37.3826815, 23.2482150, 2.90, 2.64, 262.96, 2, 12, 0.55
85401, 130501.20, 37.3826825, 23.2482100, 2.70, 2.23, 269.14, 2, 12, 0.55
85501, 130502.10, 37.3826830, 23.2482057, 2.70, 1.51, 280.47, 2, 12, 0.53
85601, 130503.10, 37.3826842, 23.2482033, 2.50, 1.49, 321.21, 2, 12, 0.55
85701, 130504.00, 37.3826835, 23.2482003, 2.70, 0.92, 231.91, 2, 12, 0.53
85801, 130505.00, 37.3826823, 23.2481983, 2.70, 0.31, 0.00, 2, 12, 0.52
85901, 130506.10, 37.3826805, 23.2481952, 2.60, 1.33, 249.12, 2, 12, 0.53
86001, 130507.10, 37.3826798, 23.2481963, 2.60, 0.95, 0.00, 2, 12, 0.56
86101, 130508.10, 37.3826807, 23.2481973, 2.70, 0.54, 0.00, 2, 12, 0.66
86201, 130509.10, 37.3826863, 23.2481895, 2.70, 2.68, 0.00, 2, 12, 0.61
86301, 130510.10, 37.3826988, 23.2481693, 2.80, 5.85, 297.41, 2, 12, 0.61
86401, 130510.20, 37.3826988, 23.2481708, 0.00, 5.19, 0.00, 0, 0, 99.99
86501, 130510.20, 37.3826988, 23.2481708, 0.00, 5.19, 0.00, 0, 0, 99.99
86601, 130510.20, 37.3826988, 23.2481708, 0.00, 5.19, 0.00, 0, 0, 99.99
86701, 130510.20, 37.3826988, 23.2481708, 0.00, 5.19, 0.00, 0, 0, 99.99
86801, 130510.20, 37.3826988, 23.2481708, 0.00, 5.19, 0.00, 0, 0, 99.99
86901, 130516.10, 37.3827502, 23.2480993, 3.00, 5.20, 0.00, 2, 10, 0.89
87001, 130517.10, 37.3827588, 23.2480868, 3.00, 5.21, 0.00, 2, 9, 0.93
87101, 130518.10, 37.3827677, 23.2480740, 3.10, 5.24, 0.00, 2, 10, 0.89
87201, 130518.90, 37.3827550, 23.2480890, 0.00, 3.69, 0.00, 0, 0, 99.99
87301, 130518.90, 37.3827550, 23.2480890, 0.00, 3.69, 0.00, 0, 0, 99.99
87401, 130518.90, 37.3827550, 23.2480890, 0.00, 3.69, 0.00, 0, 0, 99.99
87501, 130522.00, 37.3827623, 23.2480472, -0.20, 2.48, 0.00, 1, 12, 1.05
87601, 130522.20, 37.3827713, 23.2480383, 0.00, 2.98, 322.03, 0, 0, 99.99
87701, 130524.00, 37.3827288, 23.2480967, 1.60, 0.93, 285.38, 1, 11, 0.93
87801, 130525.00, 37.3826923, 23.2481423, 0.60, 1.20, 250.58, 1, 12, 0.84
87901, 130525.90, 37.3826903, 23.2481452, 1.50, 1.09, 289.64, 2, 12, 0.55
88001, 130527.00, 37.3826870, 23.2481458, 0.70, 1.84, 196.18, 1, 12, 0.64
88101, 130528.00, 37.3826888, 23.2481412, 0.70, 2.08, 277.87, 1, 12, 0.77
88201, 130529.00, 37.3826947, 23.2481360, 0.80, 2.49, 312.23, 1, 12, 0.85
88301, 130530.00, 37.3826930, 23.2481372, 0.90, 1.24, 0.00, 1, 12, 0.72
88401, 130531.00, 37.3826958, 23.2481382, 0.80, 1.71, 0.00, 1, 12, 0.76
88501, 130532.00, 37.3826960, 23.2481328, 0.80, 1.87, 0.00, 1, 12, 0.74
88601, 130533.00, 37.3826770, 23.2481153, 0.80, 6.65, 225.88, 1, 12, 0.63
88701, 130533.90, 37.3826515, 23.2480955, 0.00, 9.71, 217.27, 0, 0, 99.99
88801, 130533.90, 37.3826515, 23.2480955, 0.00, 9.71, 217.27, 0, 0, 99.99
88901, 130533.90, 37.3826515, 23.2480955, 0.00, 9.71, 217.27, 0, 0, 99.99
89001, 130533.90, 37.3826515, 23.2480955, 0.00, 9.71, 217.27, 0, 0, 99.99
89101, 130533.90, 37.3826515, 23.2480955, 0.00, 9.71, 217.27, 0, 0, 99.99
89201, 130533.90, 37.3826515, 23.2480955, 0.00, 9.71, 217.27, 0, 0, 99.99
89301, 130533.90, 37.3826515, 23.2480955, 0.00, 9.71, 217.27, 0, 0, 99.99
89401, 130533.90, 37.3826515, 23.2480955, 0.00, 9.71, 217.27, 0, 0, 99.99
89501, 130533.90, 37.3826515, 23.2480955, 0.00, 9.71, 217.27, 0, 0, 99.99
89601, 130533.90, 37.3826515, 23.2480955, 0.00, 9.71, 217.27, 0, 0, 99.99
89701, 130533.90, 37.3826515, 23.2480955, 0.00, 9.71, 217.27, 0, 0, 99.99
89801, 130533.90, 37.3826515, 23.2480955, 0.00, 9.71, 217.27, 0, 0, 99.99
89901, 130533.90, 37.3826515, 23.2480955, 0.00, 9.71, 217.27, 0, 0, 99.99
90001, 130533.90, 37.3826515, 23.2480955, 0.00, 9.71, 217.27, 0, 0, 99.99
90101, 130533.90, 37.3826515, 23.2480955, 0.00, 9.71, 217.27, 0, 0, 99.99
90201, 130533.90, 37.3826515, 23.2480955, 0.00, 9.71, 217.27, 0, 0, 99.99
90301, 130533.90, 37.3826515, 23.2480955, 0.00, 9.71, 217.27, 0, 0, 99.99
90401, 130533.90, 37.3826515, 23.2480955, 0.00, 9.71, 217.27, 0, 0, 99.99
90501, 130533.90, 37.3826515, 23.2480955, 0.00, 9.71, 217.27, 0, 0, 99.99
90601, 130533.90, 37.3826515, 23.2480955, 0.00, 9.71, 217.27, 0, 3, 3.30
90701, 130553.80, 37.3827908, 23.2481293, 0.90, 3.23, 81.78, 1, 6, 1.88
90801, 130554.80, 37.3827955, 23.2481478, 0.80, 2.80, 59.14, 1, 7, 1.48
90901, 130555.80, 37.3827953, 23.2481483, 0.80, 2.92, 65.64, 1, 9, 1.22
91001, 130556.80, 37.3827932, 23.2481580, 0.80, 3.93, 78.70, 1, 5, 1.68
91101, 130557.20, 37.3827953, 23.2481645, 0.00, 4.17, 75.31, 0, 0, 99.99
91201, 130557.20, 37.3827953, 23.2481645, 0.00, 4.17, 75.31, 0, 0, 99.99
91301, 130559.80, 37.3827682, 23.2481510, 0.40, 2.62, 0.00, 2, 12, 0.92
91401, 130600.80, 37.3827363, 23.2481702, -0.10, 7.92, 140.57, 2, 7, 1.48
91501, 130601.80, 37.3827223, 23.2481787, -0.30, 5.02, 167.33, 1, 6, 1.82
91601, 130602.80, 37.3827248, 23.2481967, -1.70, 3.05, 195.60, 2, 12, 0.60
91701, 130603.80, 37.3827357, 23.2482078, -1.10, 2.14, 192.54, 1, 12, 0.57
91801, 130604.80, 37.3827320, 23.2482147, -0.90, 2.22, 160.92, 1, 12, 0.59
91901, 130605.80, 37.3827377, 23.2482258, -0.80, 3.65, 106.04, 1, 12, 0.62
92001, 130606.80, 37.3827467, 23.2482523, -0.80, 6.91, 74.37, 1, 12, 0.65
92101, 130607.80, 37.3827493, 23.2482782, -0.80, 7.58, 81.13, 1, 3, 2.36
92201, 130608.80, 37.3827522, 23.2483017, -0.80, 7.58, 81.51, 2, 3, 8.94
92301, 130609.80, 37.3827550, 23.2483252, -0.80, 7.58, 81.51, 2, 4, 3.36
92401, 130610.80, 37.3827578, 23.2483487, -0.80, 7.58, 81.51, 1, 4, 3.94
92501, 130611.80, 37.3827610, 23.2483663, -0.80, 7.03, 0.00, 1, 4, 3.94
92601, 130612.70, 37.3827593, 23.2483522, -0.80, 4.14, 0.00, 1, 8, 1.48
92701, 130613.70, 37.3827598, 23.2483528, -0.70, 3.19, 0.00, 1, 3, 4.65
92801, 130614.70, 37.3827597, 23.2483595, -0.60, 3.21, 0.00, 1, 3, 3.49
92901, 130615.70, 37.3827553, 23.2483303, -0.20, 1.79, 0.00, 1, 9, 2.11
93001, 130616.70, 37.3827333, 23.2483165, 0.40, 2.34, 55.61, 1, 10, 1.34
93101, 130617.70, 37.3827205, 23.2483105, 0.70, 1.44, 0.00, 1, 10, 1.34
93201, 130618.70, 37.3827040, 23.2483008, 0.90, 3.99, 210.55, 1, 10, 1.34
93301, 130619.70, 37.3826912, 23.2482982, 1.00, 4.29, 202.48, 1, 5, 3.47
93401, 130620.70, 37.3826843, 23.2482805, 1.30, 5.03, 231.68, 1, 8, 1.24
93501, 130621.60, 37.3826703, 23.2482662, 0.00, 6.43, 227.23, 0, 0, 99.99
93601, 130621.60, 37.3826703, 23.2482662, 0.00, 6.43, 227.23, 0, 0, 99.99
93701, 130621.60, 37.3826703, 23.2482662, 0.00, 6.43, 227.23, 0, 0, 99.99
93801, 130621.60, 37.3826703, 23.2482662, 0.00, 6.43, 227.23, 0, 0, 99.99
93901, 130625.30, 37.3826295, 23.2482190, 0.00, 6.03, 0.00, 0, 0, 99.99
94001, 130625.30, 37.3826295, 23.2482190, 0.00, 6.03, 0.00, 0, 0, 99.99
94101, 130625.30, 37.3826295, 23.2482190, 0.00, 6.03, 0.00, 0, 0, 99.99
94201, 130628.60, 37.3827057, 23.2482400, 0.20, 0.36, 0.00, 1, 6, 1.61
94301, 130629.60, 37.3827465, 23.2482752, -1.40, 3.92, 290.44, 1, 12, 0.68
94401, 130630.60, 37.3827498, 23.2482652, -1.60, 4.02, 260.76, 1, 7, 1.61
94501, 130631.60, 37.3827555, 23.2482525, -1.90, 4.17, 280.39, 1, 6, 1.63
94601, 130632.60, 37.3827612, 23.2482400, -2.10, 3.65, 0.00, 1, 8, 1.33
94701, 130633.60, 37.3827795, 23.2482185, -2.60, 6.20, 301.07, 1, 10, 1.36
94801, 130634.60, 37.3827880, 23.2482048, -2.30, 4.96, 296.43, 1, 10, 1.36
94901, 130635.60, 37.3827915, 23.2481917, -2.30, 4.39, 278.83, 1, 12, 0.72
95001, 130636.60, 37.3827852, 23.2481893, -2.30, 3.87, 232.97, 1, 12, 0.72
95101, 130637.60, 37.3827797, 23.2481868, -2.80, 2.87, 206.99, 1, 12, 0.89
95201, 130638.60, 37.3827763, 23.2481747, -3.10, 3.79, 0.00, 1, 9, 0.86
95301, 130639.60, 37.3827780, 23.2481362, -3.40, 9.06, 267.61, 1, 12, 0.69
95401, 130640.20, 37.3827745, 23.2480975, 0.00, 12.73, 265.84, 0, 0, 99.99
95501, 130641.60, 37.3827668, 23.2480473, -3.20, 11.85, 262.60, 1, 3, 7.73
95601, 130642.60, 37.3827542, 23.2480275, -2.60, 10.16, 252.41, 1, 3, 7.73
95701, 130643.50, 37.3827638, 23.2480132, -2.60, 8.49, 255.91, 2, 3, 4.06
95801, 130644.20, 37.3827867, 23.2480340, 0.00, 5.76, 285.36, 0, 0, 99.99
95901, 130645.40, 37.3827983, 23.2480162, 0.00, 5.47, 288.02, 0, 0, 99.99
96001, 130646.50, 37.3828032, 23.2479983, -2.80, 5.47, 288.70, 1, 9, 1.31
96101, 130647.50, 37.3828133, 23.2480233, -3.00, 2.59, 0.00, 1, 9, 1.01
96201, 130648.50, 37.3828258, 23.2480517, -3.30, 3.25, 0.00, 1, 10, 0.97
96301, 130648.90, 37.3828290, 23.2480405, 0.00, 2.43, 0.00, 0, 0, 99.99
96401, 130648.90, 37.3828290, 23.2480405, 0.00, 2.43, 0.00, 0, 0, 99.99
96501, 130648.90, 37.3828290, 23.2480405, 0.00, 2.43, 0.00, 0, 0, 99.99
96601, 130648.90, 37.3828290, 23.2480405, 0.00, 2.43, 0.00, 0, 0, 99.99
96701, 130648.90, 37.3828290, 23.2480405, 0.00, 2.43, 0.00, 0, 0, 99.99
96801, 130648.90, 37.3828290, 23.2480405, 0.00, 2.43, 0.00, 0, 0, 99.99
96901, 130648.90, 37.3828290, 23.2480405, 0.00, 2.43, 0.00, 0, 0, 99.99
97001, 130648.90, 37.3828290, 23.2480405, 0.00, 2.43, 0.00, 0, 0, 99.99
97101, 130648.90, 37.3828290, 23.2480405, 0.00, 2.43, 0.00, 0, 0, 99.99
97201, 130648.90, 37.3828290, 23.2480405, 0.00, 2.43, 0.00, 0, 0, 99.99
97301, 130658.90, 37.3828712, 23.2480017, 0.00, 4.26, 0.00, 0, 0, 99.99
97401, 130700.20, 37.3828803, 23.2479888, 0.00, 4.26, 0.00, 0, 0, 99.99
97501, 130701.40, 37.3826983, 23.2480753, -4.10, 5.89, 0.00, 1, 9, 1.16
97601, 130702.40, 37.3827203, 23.2481195, -5.30, 4.61, 0.00, 1, 6, 1.82
97701, 130703.40, 37.3827923, 23.2479562, -4.40, 4.32, 231.75, 1, 6, 1.82
97801, 130704.40, 37.3827798, 23.2479450, -4.30, 3.74, 211.99, 1, 5, 1.86
97901, 130705.40, 37.3827712, 23.2479378, -4.10, 3.52, 0.00, 2, 9, 0.89
98001, 130706.40, 37.3827640, 23.2479313, -4.10, 3.52, 0.00, 2, 7, 1.35
98101, 130707.40, 37.3827363, 23.2478805, -3.90, 10.05, 232.04, 2, 12, 0.78
98201, 130707.70, 37.3827142, 23.2478937, 0.00, 10.42, 215.08, 0, 0, 99.99
98301, 130707.70, 37.3827142, 23.2478937, 0.00, 10.42, 215.08, 0, 0, 99.99
98401, 130707.70, 37.3827142, 23.2478937, 0.00, 10.42, 215.08, 0, 0, 99.99
98501, 130707.70, 37.3827142, 23.2478937, 0.00, 10.42, 215.08, 0, 0, 99.99
98601, 130707.70, 37.3827142, 23.2478937, 0.00, 10.42, 215.08, 0, 0, 99.99
98701, 130707.70, 37.3827142, 23.2478937, 0.00, 10.42, 215.08, 0, 0, 99.99
98801, 130707.70, 37.3827142, 23.2478937, 0.00, 10.42, 215.08, 0, 0, 99.99
98901, 130707.70, 37.3827142, 23.2478937, 0.00, 10.42, 215.08, 0, 0, 99.99
99001, 130707.70, 37.3827142, 23.2478937, 0.00, 10.42, 215.08, 0, 0, 99.99
99101, 130707.70, 37.3827142, 23.2478937, 0.00, 10.42, 215.08, 0, 0, 99.99
99201, 130707.70, 37.3827142, 23.2478937, 0.00, 10.42, 215.08, 0, 0, 99.99
99301, 130707.70, 37.3827142, 23.2478937, 0.00, 10.42, 215.08, 0, 0, 99.99
99401, 130707.70, 37.3827142, 23.2478937, 0.00, 10.42, 215.08, 0, 0, 99.99
99501, 130707.70, 37.3827142, 23.2478937, 0.00, 10.42, 215.08, 0, 0, 99.99
99601, 130707.70, 37.3827142, 23.2478937, 0.00, 10.42, 215.08, 0, 0, 99.99
99701, 130707.70, 37.3827142, 23.2478937, 0.00, 10.42, 215.08, 0, 0, 99.99
99801, 130707.70, 37.3827142, 23.2478937, 0.00, 10.42, 215.08, 0, 0, 99.99
99901, 130707.70, 37.3827142, 23.2478937, 0.00, 10.42, 215.08, 0, 0, 99.99
100001, 130707.70, 37.3827142, 23.2478937, 0.00, 10.42, 215.08, 0, 0, 99.99
100101, 130707.70, 37.3827142, 23.2478937, 0.00, 10.42, 215.08, 0, 0, 99.99
100201, 130707.70, 37.3827142, 23.2478937, 0.00, 10.42, 215.08, 0, 0, 99.99
100301, 130707.70, 37.3827142, 23.2478937, 0.00, 10.42, 215.08, 0, 0, 99.99
100401, 130707.70, 37.3827142, 23.2478937, 0.00, 10.42, 215.08, 0, 4, 4.17
100501, 130731.30, 37.3829330, 23.2480522, -4.90, 13.26, 9.35, 1, 8, 1.78
100601, 130732.20, 37.3828860, 23.2478970, -5.30, 5.72, 356.40, 1, 11, 1.32
100701, 130733.20, 37.3829662, 23.2478412, -8.00, 8.43, 344.99, 1, 12, 0.77
100801, 130734.20, 37.3830372, 23.2478405, -4.10, 8.95, 343.23, 2, 12, 0.53
100901, 130735.20, 37.3830763, 23.2478427, -2.30, 11.71, 354.96, 2, 12, 0.53
101001, 130736.20, 37.3831057, 23.2478330, -1.50, 8.01, 349.57, 2, 12, 0.52
101101, 130737.20, 37.3831277, 23.2478165, -1.20, 9.34, 320.25, 2, 12, 0.52
101201, 130738.20, 37.3831497, 23.2478033, -0.40, 9.01, 332.19, 2, 12, 0.52
101301, 130739.20, 37.3831735, 23.2477895, -0.10, 9.89, 337.57, 2, 12, 0.52
101401, 130740.20, 37.3831968, 23.2477762, 0.40, 12.24, 339.10, 2, 12, 0.52
101501, 130741.00, 37.3832117, 23.2477575, 0.60, 11.02, 296.74, 2, 12, 0.52
101601, 130742.20, 37.3832290, 23.2477227, 0.70, 11.16, 305.76, 2, 12, 0.52
101701, 130743.00, 37.3832420, 23.2476985, 0.90, 11.26, 301.77, 2, 12, 0.52
101801, 130744.20, 37.3832600, 23.2476597, 0.80, 11.13, 289.98, 2, 12, 0.52
101901, 130745.20, 37.3832675, 23.2476250, 1.20, 14.51, 288.11, 2, 12, 0.52
102001, 130746.00, 37.3832768, 23.2475948, 1.20, 12.36, 288.17, 2, 12, 0.52
102101, 130747.00, 37.3832883, 23.2475557, 1.10, 14.12, 294.95, 2, 12, 0.52
102201, 130748.00, 37.3832955, 23.2475160, 1.20, 10.59, 272.56, 2, 12, 0.52
102301, 130749.00, 37.3832932, 23.2474737, 1.30, 12.55, 263.89, 2, 12, 0.52
102401, 130750.00, 37.3832805, 23.2474313, 1.20, 14.30, 250.28, 2, 12, 0.52
102501, 130751.10, 37.3832607, 23.2473900, 1.50, 16.31, 228.79, 1, 12, 0.53
102601, 130752.00, 37.3832380, 23.2473615, 1.40, 11.65, 207.15, 2, 12, 0.52
102701, 130753.00, 37.3832088, 23.2473395, 1.60, 16.24, 204.39, 2, 12, 0.52
102801, 130754.00, 37.3831772, 23.2473338, 1.70, 12.78, 169.82, 2, 12, 0.54
102901, 130755.00, 37.3831493, 23.2473485, 1.40, 12.83, 150.44, 2, 12, 0.52
103001, 130756.00, 37.3831252, 23.2473727, 1.70, 14.92, 142.65, 2, 12, 0.52
103101, 130757.00, 37.3831050, 23.2474062, 2.00, 11.79, 112.56, 2, 12, 0.52
103201, 130758.00, 37.3830922, 23.2474458, 2.30, 14.10, 112.57, 2, 12, 0.52
103301, 130759.00, 37.3830845, 23.2474827, 2.90, 12.85, 101.21, 2, 12, 0.52
103401, 130800.00, 37.3830745, 23.2475232, 2.90, 12.98, 107.78, 2, 12, 0.52
103501, 130801.00, 37.3830650, 23.2475648, 3.00, 14.32, 109.39, 2, 12, 0.52
103601, 130802.00, 37.3830520, 23.2476052, 2.90, 15.18, 117.87, 2, 12, 0.52
103701, 130803.00, 37.3830388, 23.2476393, 3.20, 10.95, 119.06, 2, 12, 0.52
103801, 130804.00, 37.3830248, 23.2476757, 3.10, 13.00, 116.89, 2, 12, 0.52
103901, 130805.00, 37.3830108, 23.2477127, 3.30, 12.18, 108.52, 2, 12, 0.52
104001, 130806.00, 37.3829958, 23.2477543, 3.00, 16.88, 112.35, 2, 12, 0.52
104101, 130807.00, 37.3829788, 23.2477932, 3.20, 16.63, 128.34, 2, 12, 0.52
104201, 130808.00, 37.3829622, 23.2478308, 3.30, 12.16, 124.26, 2, 12, 0.52
104301, 130809.00, 37.3829412, 23.2478620, 3.40, 14.11, 135.26, 2, 12, 0.52
104401, 130809.90, 37.3829233, 23.2478890, 3.40, 14.47, 121.36, 2, 12, 0.52
104501, 130810.90, 37.3829048, 23.2479208, 3.60, 10.59, 116.31, 2, 12, 0.54
104601, 130811.90, 37.3828868, 23.2479548, 3.60, 12.51, 131.89, 2, 12, 0.52
104701, 130812.90, 37.3828653, 23.2479895, 3.40, 16.68, 127.30, 2, 12, 0.52
104801, 130813.90, 37.3828462, 23.2480237, 3.50, 12.08, 122.84, 2, 12, 0.52
104901, 130814.90, 37.3828247, 23.2480527, 3.50, 14.42, 141.38, 2, 12, 0.52
105001, 130815.90, 37.3828017, 23.2480807, 3.60, 12.60, 134.68, 2, 12, 0.53
105101, 130816.90, 37.3827795, 23.2481027, 3.40, 11.76, 148.93, 2, 12, 0.52
105201, 130817.90, 37.3827545, 23.2481152, 3.20, 10.19, 168.12, 2, 12, 0.52
105301, 130818.90, 37.3827335, 23.2481203, 3.10, 8.77, 161.06, 2, 12, 0.52
105401, 130819.90, 37.3827150, 23.2481230, 3.10, 8.47, 165.49, 2, 12, 0.54
105501, 130820.90, 37.3826975, 23.2481300, 3.00, 7.33, 162.30, 2, 12, 0.61
105601, 130821.90, 37.3826770, 23.2481370, 2.90, 8.30, 164.09, 2, 12, 0.65
105701, 130822.90, 37.3826500, 23.2481512, 2.90, 10.39, 157.69, 2, 12, 0.67
105801, 130823.90, 37.3826157, 23.2481598, 3.00, 12.03, 162.83, 1, 3, 7.03
105901, 130824.90, 37.3825818, 23.2481672, 3.00, 12.46, 164.57, 1, 3, 1.80
106001, 130825.00, 37.3825778, 23.2481655, 0.00, 12.50, 166.85, 0, 0, 99.99
106101, 130825.00, 37.3825778, 23.2481655, 0.00, 12.50, 166.85, 0, 0, 99.99
106201, 130827.70, 37.3824977, 23.2481715, 0.00, 11.96, 173.64, 0, 0, 99.99
106301, 130827.70, 37.3824977, 23.2481715, 0.00, 11.96, 173.64, 0, 0, 99.99
106401, 130829.90, 37.3824318, 23.2481805, 3.00, 11.91, 173.79, 2, 6, 1.10
106501, 130830.90, 37.3824222, 23.2481888, 2.90, 9.76, 171.66, 2, 8, 0.98
106601, 130831.90, 37.3824342, 23.2482252, 2.70, 6.52, 155.56, 2, 11, 1.08
106701, 130832.90, 37.3824207, 23.2482322, 2.70, 6.56, 153.80, 2, 5, 1.90
106801, 130833.90, 37.3824003, 23.2482150, 2.50, 6.08, 177.70, 2, 8, 1.26
106901, 130834.80, 37.3823783, 23.2481553, 0.00, 9.09, 226.11, 0, 0, 99.99
107001, 130835.90, 37.3823617, 23.2481327, 2.60, 9.09, 227.41, 1, 3, 3.34
107101, 130836.90, 37.3823280, 23.2481265, 2.60, 9.36, 216.79, 1, 5, 2.72
107201, 130837.70, 37.3823058, 23.2481307, 0.00, 8.80, 208.04, 0, 0, 99.99
107301, 130837.70, 37.3823058, 23.2481307, 0.00, 8.80, 208.04, 0, 0, 99.99
107401, 130837.70, 37.3823058, 23.2481307, 0.00, 8.80, 208.04, 0, 0, 99.99
107501, 130837.70, 37.3823058, 23.2481307, 0.00, 8.80, 208.04, 0, 0, 99.99
107601, 130837.70, 37.3823058, 23.2481307, 0.00, 8.80, 208.04, 0, 0, 99.99
107701, 130837.70, 37.3823058, 23.2481307, 0.00, 8.80, 208.04, 0, 0, 99.99
107801, 130837.70, 37.3823058, 23.2481307, 0.00, 8.80, 208.04, 0, 0, 99.99
107901, 130837.70, 37.3823058, 23.2481307, 0.00, 8.80, 208.04, 0, 0, 99.99
108001, 130837.70, 37.3823058, 23.2481307, 0.00, 8.80, 208.04, 0, 0, 99.99
108101, 130837.70, 37.3823058, 23.2481307, 0.00, 8.80, 208.04, 0, 0, 99.99
108201, 130837.70, 37.3823058, 23.2481307, 0.00, 8.80, 208.04, 0, 0, 99.99
108301, 130848.80, 37.3827393, 23.2481978, 2.60, 6.40, 0.00, 1, 4, 3.08
108401, 130849.80, 37.3827312, 23.2481873, 2.50, 4.23, 0.00, 1, 4, 3.08
108501, 130850.80, 37.3827402, 23.2482147, 2.50, 4.69, 49.58, 1, 6, 2.58
108601, 130851.80, 37.3826915, 23.2481772, 2.90, 2.91, 323.54, 1, 8, 2.42
108701, 130852.80, 37.3826988, 23.2481683, 2.90, 4.81, 335.73, 1, 8, 2.42
108801, 130853.80, 37.3827113, 23.2481578, 3.00, 5.64, 333.09, 1, 8, 1.16
108901, 130854.80, 37.3827227, 23.2481493, 3.20, 5.34, 331.06, 1, 10, 0.95
109001, 130855.80, 37.3827315, 23.2481593, 3.50, 4.32, 0.00, 1, 12, 0.79
109101, 130856.80, 37.3827273, 23.2481680, 3.40, 1.05, 0.00, 1, 10, 0.90
109201, 130857.80, 37.3827288, 23.2481710, 3.50, 1.06, 0.00, 1, 8, 1.07
109301, 130858.80, 37.3827340, 23.2481695, 3.40, 1.30, 0.00, 1, 8, 1.03
109401, 130859.80, 37.3827365, 23.2481658, 3.70, 1.65, 0.00, 1, 5, 1.89
109501, 130900.70, 37.3827513, 23.2481678, 3.80, 3.75, 0.00, 1, 6, 1.81
109601, 130901.70, 37.3827638, 23.2481673, 3.80, 3.98, 0.00, 1, 4, 2.49
109701, 130901.70, 37.3827638, 23.2481673, 0.00, 3.98, 0.00, 0, 0, 99.99
109801, 130903.70, 37.3827712, 23.2481673, 3.70, 2.32, 0.00, 2, 6, 1.06
109901, 130904.70, 37.3827747, 23.2481698, 3.30, 2.27, 0.00, 2, 5, 6.61
110001, 130905.70, 37.3827673, 23.2481618, 3.10, 1.04, 0.00, 2, 7, 0.96
110101, 130906.70, 37.3827697, 23.2481642, 3.20, 2.79, 0.00, 2, 9, 1.00
110201, 130907.70, 37.3827793, 23.2481740, 3.20, 4.14, 51.14, 1, 7, 2.87
110301, 130908.70, 37.3827862, 23.2481938, 3.30, 4.89, 61.49, 1, 8, 1.29
110401, 130909.70, 37.3827888, 23.2482147, 3.60, 3.75, 0.00, 2, 9, 1.32
110501, 130910.70, 37.3827940, 23.2482033, 2.30, 4.61, 73.40, 2, 10, 1.24
110601, 130911.70, 37.3827940, 23.2482048, 3.10, 2.42, 0.00, 2, 9, 1.28
110701, 130912.70, 37.3827872, 23.2481977, 3.60, 1.07, 0.00, 1, 8, 1.22
110801, 130913.70, 37.3827722, 23.2481987, 3.30, 3.65, 0.00, 1, 4, 2.72
110901, 130914.70, 37.3827655, 23.2481820, 3.00, 3.60, 138.39, 2, 12, 0.53
111001, 130915.70, 37.3827570, 23.2482030, 2.40, 8.70, 126.64, 2, 12, 0.73
111101, 130916.60, 37.3827497, 23.2482342, 1.80, 10.81, 112.40, 2, 12, 0.73
111201, 130917.60, 37.3827510, 23.2482787, 1.50, 13.16, 93.58, 1, 12, 0.63
111301, 130918.60, 37.3827543, 23.2483340, 1.00, 15.68, 88.29, 2, 12, 0.59
111401, 130919.60, 37.3827600, 23.2483923, 0.70, 17.10, 85.27, 2, 9, 0.90
111501, 130920.60, 37.3827378, 23.2483270, -0.80, 4.62, 179.26, 2, 9, 0.90
111601, 130921.60, 37.3827262, 23.2483282, -1.60, 4.24, 181.74, 2, 9, 0.90
111701, 130922.60, 37.3827212, 23.2483118, -2.20, 1.34, 0.00, 2, 12, 0.70
111801, 130923.60, 37.3827072, 23.2483035, -2.40, 2.77, 148.42, 2, 12, 0.64
111901, 130924.60, 37.3826982, 23.2482920, -2.10, 3.04, 170.30, 2, 12, 0.58
112001, 130925.60, 37.3826877, 23.2482902, -2.70, 5.60, 155.69, 2, 12, 0.61
112101, 130926.60, 37.3826742, 23.2482948, -3.10, 5.39, 163.55, 2, 12, 0.59
112201, 130927.60, 37.3826668, 23.2482933, -3.30, 3.38, 180.65, 2, 12, 0.68
112301, 130928.60, 37.3826642, 23.2482950, -3.50, 1.37, 0.00, 1, 12, 0.72
112401, 130929.60, 37.3826632, 23.2483032, -3.60, 1.72, 0.00, 2, 12, 0.68
112501, 130930.60, 37.3826697, 23.2483013, -3.60, 1.02, 0.00, 2, 12, 0.76
112601, 130931.60, 37.3826635, 23.2482897, -3.70, 2.52, 0.00, 2, 12, 0.75
112701, 130932.60, 37.3826523, 23.2482770, -3.80, 4.35, 0.00, 2, 12, 0.70
112801, 130932.90, 37.3826472, 23.2482765, 0.00, 4.22, 0.00, 0, 0, 99.99
112901, 130934.60, 37.3826373, 23.2482575, 0.00, 4.08, 0.00, 0, 0, 99.99
113001, 130935.60, 37.3826697, 23.2482065, -3.40, 6.08, 0.00, 1, 4, 2.82
113101, 130935.80, 37.3826732, 23.2482002, 0.00, 6.24, 0.00, 0, 0, 99.99
113201, 130935.80, 37.3826732, 23.2482002, 0.00, 6.24, 0.00, 0, 0, 99.99
113301, 130935.80, 37.3826732, 23.2482002, 0.00, 6.24, 0.00, 0, 0, 99.99
113401, 130935.80, 37.3826732, 23.2482002, 0.00, 6.24, 0.00, 0, 0, 99.99
113501, 130935.80, 37.3826732, 23.2482002, 0.00, 6.24, 0.00, 0, 0, 99.99
113601, 130935.80, 37.3826732, 23.2482002, 0.00, 6.24, 0.00, 0, 0, 99.99
113701, 130935.80, 37.3826732, 23.2482002, 0.00, 6.24, 0.00, 0, 0, 99.99
113801, 130935.80, 37.3826732, 23.2482002, 0.00, 6.24, 0.00, 0, 0, 99.99
113901, 130935.80, 37.3826732, 23.2482002, 0.00, 6.24, 0.00, 0, 0, 99.99
114001, 130945.40, 37.3827108, 23.2480183, 0.00, 6.24, 0.00, 0, 0, 99.99
114101, 130946.50, 37.3827152, 23.2479973, -3.40, 6.24, 0.00, 1, 4, 5.28
114201, 130946.60, 37.3827155, 23.2479955, 0.00, 6.24, 0.00, 0, 0, 99.99
114301, 130948.50, 37.3825973, 23.2481897, -3.70, 2.20, 0.00, 1, 4, 10.28
114401, 130949.50, 37.3825250, 23.2481833, -3.60, 4.31, 205.68, 1, 4, 10.28
114501, 130949.80, 37.3824908, 23.2481688, 0.00, 5.45, 215.00, 0, 0, 99.99
114601, 130949.80, 37.3824908, 23.2481688, 0.00, 5.45, 215.00, 0, 0, 99.99
114701, 130949.80, 37.3824908, 23.2481688, 0.00, 5.45, 215.00, 0, 0, 99.99
114801, 130949.80, 37.3824908, 23.2481688, 0.00, 5.45, 215.00, 0, 0, 99.99
114901, 130949.80, 37.3824908, 23.2481688, 0.00, 5.45, 215.00, 0, 0, 99.99
115001, 130949.80, 37.3824908, 23.2481688, 0.00, 5.45, 215.00, 0, 0, 99.99
115101, 130949.80, 37.3824908, 23.2481688, 0.00, 5.45, 215.00, 0, 0, 99.99
115201, 130949.80, 37.3824908, 23.2481688, 0.00, 5.45, 215.00, 0, 0, 99.99
115301, 130949.80, 37.3824908, 23.2481688, 0.00, 5.45, 215.00, 0, 0, 99.99
115401, 130949.80, 37.3824908, 23.2481688, 0.00, 5.45, 215.00, 0, 0, 99.99
115501, 130949.80, 37.3824908, 23.2481688, 0.00, 5.45, 215.00, 0, 0, 99.99
115601, 131000.90, 37.3826617, 23.2483948, 0.00, 2.47, 342.00, 0, 0, 99.99
115701, 131000.90, 37.3826617, 23.2483948, 0.00, 2.47, 342.00, 0, 0, 99.99
115801, 131003.40, 37.3826772, 23.2483940, -9.10, 2.47, 0.00, 1, 6, 1.56
115901, 131004.40, 37.3826833, 23.2483935, -9.40, 2.47, 0.00, 1, 9, 0.93
116001, 131005.40, 37.3827912, 23.2482808, -2.00, 1.16, 0.00, 2, 10, 1.12
116101, 131006.40, 37.3827372, 23.2483657, -13.50, 5.74, 231.20, 2, 8, 1.19
116201, 131007.40, 37.3827075, 23.2483762, -18.40, 8.63, 233.09, 2, 9, 1.04
116301, 131008.40, 37.3826850, 23.2483577, -19.90, 9.56, 227.57, 2, 5, 2.08
116401, 131009.30, 37.3826673, 23.2483483, -22.60, 9.14, 226.33, 2, 8, 1.62
116501, 131010.30, 37.3826582, 23.2483800, -23.20, 1.19, 0.00, 2, 8, 1.62
116601, 131011.30, 37.3826642, 23.2483857, -23.60, 2.95, 91.36, 2, 12, 0.62
116701, 131012.30, 37.3826530, 23.2483932, -20.30, 2.90, 79.49, 2, 12, 0.67
116801, 131013.30, 37.3826558, 23.2484123, -19.10, 4.80, 54.78, 2, 12, 0.69
116901, 131014.30, 37.3826615, 23.2484362, -18.60, 6.06, 63.56, 1, 12, 0.89
117001, 131015.30, 37.3826657, 23.2484525, -17.80, 5.01, 62.84, 1, 12, 0.68
117101, 131016.30, 37.3826713, 23.2484630, -17.00, 4.32, 57.55, 1, 9, 1.12
117201, 131017.30, 37.3826770, 23.2484743, -16.70, 4.26, 0.00, 1, 10, 1.04
117301, 131018.30, 37.3826798, 23.2484572, -16.20, 2.01, 15.65, 2, 12, 0.80
117401, 131019.30, 37.3826932, 23.2484580, -15.50, 0.91, 0.00, 2, 10, 1.11
117501, 131020.30, 37.3826940, 23.2484543, -14.60, 1.12, 0.00, 1, 10, 1.10
117601, 131021.30, 37.3826870, 23.2484307, -13.60, 5.64, 259.59, 1, 12, 0.78
117701, 131022.30, 37.3826812, 23.2483823, -12.20, 9.89, 261.31, 1, 12, 0.79
117801, 131023.30, 37.3826605, 23.2483460, -10.80, 11.26, 247.85, 1, 5, 1.96
117901, 131024.30, 37.3826495, 23.2483137, -10.40, 11.26, 246.83, 2, 6, 1.92
118001, 131025.30, 37.3826493, 23.2483202, -11.80, 6.86, 248.37, 2, 8, 0.95
118101, 131026.20, 37.3826582, 23.2482942, -13.50, 7.41, 263.62, 1, 3, 8.72
118201, 131027.20, 37.3826473, 23.2482837, -13.90, 5.04, 255.37, 1, 5, 3.79
118301, 131028.10, 37.3826328, 23.2482952, 0.00, 2.82, 0.00, 0, 0, 99.99
118401, 131029.20, 37.3826232, 23.2482937, -12.90, 2.94, 0.00, 1, 3, 2.93
118501, 131029.30, 37.3826225, 23.2482933, 0.00, 2.94, 0.00, 0, 0, 99.99
118601, 131030.90, 37.3826030, 23.2482893, 0.00, 3.85, 0.00, 0, 0, 99.99
118701, 131032.20, 37.3826148, 23.2483295, -12.70, 2.48, 0.00, 1, 5, 2.61
118801, 131033.20, 37.3827158, 23.2484405, -13.00, 3.88, 19.12, 1, 5, 1.38
118901, 131034.20, 37.3827288, 23.2484238, -12.10, 5.29, 355.18, 1, 3, 2.90
119001, 131035.20, 37.3827455, 23.2484128, -12.10, 6.20, 344.01, 1, 5, 4.08
119101, 131036.20, 37.3827610, 23.2484185, -12.50, 6.92, 355.37, 1, 12, 0.93
119201, 131037.20, 37.3827160, 23.2484433, -12.30, 3.07, 280.11, 1, 12, 0.76
119301, 131038.20, 37.3827125, 23.2484468, -11.70, 3.00, 271.30, 1, 12, 0.90
119401, 131039.20, 37.3827033, 23.2484427, -11.40, 4.35, 250.30, 1, 12, 0.86
119501, 131040.20, 37.3826820, 23.2484338, -11.30, 6.61, 227.55, 1, 4, 4.31
119601, 131041.20, 37.3826723, 23.2484135, -11.30, 7.11, 236.03, 1, 9, 1.00
119701, 131042.20, 37.3826588, 23.2484015, -11.30, 7.05, 235.26, 1, 8, 1.10
119801, 131043.20, 37.3826458, 23.2483825, -11.50, 7.45, 236.23, 1, 4, 6.46
119901, 131044.10, 37.3826412, 23.2483700, -11.50, 6.76, 238.18, 1, 7, 1.11
120001, 131045.10, 37.3826458, 23.2484277, -11.70, 3.24, 0.00, 1, 12, 0.77
120101, 131046.00, 37.3827112, 23.2484318, -11.40, 2.47, 276.32, 2, 12, 0.57
120201, 131047.00, 37.3827213, 23.2484328, -8.50, 2.32, 273.54, 2, 12, 0.55
120301, 131048.10, 37.3827237, 23.2484187, -6.60, 10.71, 271.59, 1, 12, 0.63
120401, 131049.10, 37.3827230, 23.2484095, -6.40, 3.27, 250.55, 1, 12, 0.66
120501, 131050.10, 37.3827187, 23.2484020, -6.40, 3.00, 0.00, 2, 12, 0.73
120601, 131051.10, 37.3827140, 23.2483952, -6.50, 2.90, 0.00, 1, 12, 0.69
120701, 131051.90, 37.3827138, 23.2483805, 0.00, 4.36, 0.00, 0, 0, 99.99
120801, 131051.90, 37.3827138, 23.2483805, 0.00, 4.36, 0.00, 0, 0, 99.99
120901, 131051.90, 37.3827138, 23.2483805, 0.00, 4.36, 0.00, 0, 0, 99.99
121001, 131054.80, 37.3827153, 23.2483407, 0.00, 4.16, 0.00, 0, 0, 99.99
121101, 131054.80, 37.3827153, 23.2483407, 0.00, 4.16, 0.00, 0, 0, 99.99
121201, 131054.80, 37.3827153, 23.2483407, 0.00, 4.16, 0.00, 0, 0, 99.99
121301, 131054.80, 37.3827153, 23.2483407, 0.00, 4.16, 0.00, 0, 0, 99.99
121401, 131054.80, 37.3827153, 23.2483407, 0.00, 4.16, 0.00, 0, 0, 99.99
121501, 131100.10, 37.3826602, 23.2482807, -6.30, 4.02, 0.00, 1, 6, 2.83
121601, 131101.10, 37.3826330, 23.2483405, -6.00, 3.68, 0.00, 1, 3, 2.65
121701, 131102.00, 37.3826083, 23.2484038, -5.20, 3.18, 147.35, 1, 12, 0.99
121801, 131103.00, 37.3825797, 23.2483928, -5.00, 2.34, 150.41, 1, 8, 1.38
121901, 131104.00, 37.3825765, 23.2484008, -5.10, 3.51, 99.40, 1, 7, 1.44
122001, 131105.00, 37.3825793, 23.2484058, -5.00, 2.19, 0.00, 1, 11, 0.87
122101, 131106.00, 37.3825852, 23.2484048, -5.00, 1.97, 0.00, 1, 11, 0.81
122201, 131107.00, 37.3825902, 23.2484075, -5.00, 1.80, 0.00, 1, 12, 0.74
122301, 131108.00, 37.3825920, 23.2484025, -4.30, 2.03, 0.00, 1, 6, 2.17
122401, 131109.00, 37.3826040, 23.2484195, -4.10, 2.68, 0.00, 1, 7, 1.72
122501, 131110.00, 37.3826162, 23.2484347, -3.80, 2.96, 0.00, 1, 6, 1.93
122601, 131111.00, 37.3826272, 23.2484453, -3.90, 3.77, 57.82, 1, 6, 1.53
122701, 131112.00, 37.3826360, 23.2484408, -4.10, 2.76, 0.00, 1, 10, 1.00
122801, 131112.80, 37.3826428, 23.2484197, 0.00, 2.99, 0.00, 0, 0, 99.99
122901, 131113.90, 37.3826483, 23.2484117, -4.10, 3.01, 0.00, 1, 3, 2.13
123001, 131114.80, 37.3826535, 23.2484062, 0.00, 3.01, 0.00, 0, 0, 99.99
123101, 131115.70, 37.3826532, 23.2483963, 0.00, 2.68, 0.00, 0, 0, 99.99
123201, 131115.70, 37.3826532, 23.2483963, 0.00, 2.68, 0.00, 0, 0, 99.99
123301, 131115.70, 37.3826532, 23.2483963, 0.00, 2.68, 0.00, 0, 0, 99.99
123401, 131115.70, 37.3826532, 23.2483963, 0.00, 2.68, 0.00, 0, 3, 53.31
123501, 131119.50, 37.3825958, 23.2483613, 0.00, 3.41, 337.73, 0, 0, 99.99
123601, 131119.50, 37.3825958, 23.2483613, 0.00, 3.41, 337.73, 0, 0, 99.99
123701, 131119.50, 37.3825958, 23.2483613, 0.00, 3.41, 337.73, 0, 0, 99.99
123801, 131122.90, 37.3825667, 23.2483458, -3.50, 2.73, 0.00, 1, 8, 1.05
123901, 131123.90, 37.3825425, 23.2483517, -3.30, 2.67, 235.63, 1, 10, 0.95
124001, 131124.90, 37.3825632, 23.2483375, -3.10, 2.43, 237.91, 1, 12, 0.83
124101, 131125.90, 37.3826402, 23.2483617, -3.30, 2.57, 343.58, 1, 9, 1.48
124201, 131126.90, 37.3826447, 23.2483612, -3.20, 2.93, 336.51, 1, 8, 1.56
124301, 131127.90, 37.3826528, 23.2483567, -3.20, 3.14, 331.17, 1, 8, 1.26
124401, 131128.90, 37.3826598, 23.2483522, -3.10, 3.24, 334.34, 1, 10, 1.07
124501, 131129.90, 37.3826727, 23.2483528, -3.20, 4.07, 349.51, 1, 10, 0.94
124601, 131130.90, 37.3826697, 23.2483303, -3.10, 3.61, 299.68, 1, 9, 1.52
124701, 131131.90, 37.3826653, 23.2483073, -3.00, 4.38, 280.34, 1, 8, 1.52
124801, 131132.90, 37.3826653, 23.2483015, -2.90, 3.57, 256.42, 1, 12, 1.06
124901, 131133.90, 37.3826690, 23.2483015, -2.60, 3.01, 250.30, 1, 9, 1.51
125001, 131134.90, 37.3826655, 23.2482983, -2.60, 2.11, 241.89, 1, 12, 0.78
125101, 131135.90, 37.3826635, 23.2482948, -2.50, 1.35, 0.00, 1, 10, 0.95
125201, 131136.80, 37.3826610, 23.2482935, -2.40, 1.24, 0.00, 1, 10, 0.96
125301, 131137.80, 37.3826585, 23.2482902, -2.40, 1.33, 0.00, 1, 9, 1.39
125401, 131138.80, 37.3826378, 23.2482478, -2.20, 5.34, 236.91, 1, 12, 0.75
125501, 131138.90, 37.3826362, 23.2482472, 0.00, 5.19, 236.50, 0, 0, 99.99
125601, 131138.90, 37.3826362, 23.2482472, 0.00, 5.19, 236.50, 0, 0, 99.99
125701, 131138.90, 37.3826362, 23.2482472, 0.00, 5.19, 236.50, 0, 0, 99.99
125801, 131138.90, 37.3826362, 23.2482472, 0.00, 5.19, 236.50, 0, 0, 99.99
125901, 131138.90, 37.3826362, 23.2482472, 0.00, 5.19, 236.50, 0, 0, 99.99
126001, 131138.90, 37.3826362, 23.2482472, 0.00, 5.19, 236.50, 0, 0, 99.99
126101, 131138.90, 37.3826362, 23.2482472, 0.00, 5.19, 236.50, 0, 0, 99.99
126201, 131138.90, 37.3826362, 23.2482472, 0.00, 5.19, 236.50, 0, 0, 99.99
126301, 131138.90, 37.3826362, 23.2482472, 0.00, 5.19, 236.50, 0, 0, 99.99
126401, 131138.90, 37.3826362, 23.2482472, 0.00, 5.19, 236.50, 0, 0, 99.99
126501, 131138.90, 37.3826362, 23.2482472, 0.00, 5.19, 236.50, 0, 0, 99.99
126601, 131138.90, 37.3826362, 23.2482472, 0.00, 5.19, 236.50, 0, 0, 99.99
126701, 131151.80, 37.3827997, 23.2484143, -7.40, 7.45, 0.00, 1, 5, 1.87
126801, 131152.80, 37.3827760, 23.2485117, 1.00, 17.78, 136.34, 1, 10, 1.33
126901, 131153.70, 37.3827453, 23.2485443, 9.30, 16.93, 130.72, 1, 12, 0.84
127001, 131154.70, 37.3826745, 23.2485703, 12.70, 17.55, 128.42, 1, 12, 0.84
127101, 131155.70, 37.3826510, 23.2486135, 21.10, 17.72, 128.08, 1, 6, 2.69
127201, 131156.70, 37.3826377, 23.2486240, 27.10, 15.80, 129.60, 1, 6, 2.45
127301, 131157.70, 37.3826127, 23.2486627, 33.20, 15.78, 129.93, 1, 7, 2.40
127401, 131158.70, 37.3827050, 23.2485215, 23.40, 5.87, 139.16, 1, 8, 1.36
127501, 131159.70, 37.3827200, 23.2485127, 23.40, 4.72, 143.59, 1, 5, 3.15
127601, 131200.40, 37.3827153, 23.2485158, 0.00, 4.60, 143.18, 0, 0, 99.99
127701, 131200.40, 37.3827153, 23.2485158, 0.00, 4.60, 143.18, 0, 0, 99.99
127801, 131202.70, 37.3826967, 23.2485300, 33.90, 4.39, 147.37, 1, 5, 3.15
127901, 131203.70, 37.3826603, 23.2485372, 35.20, 5.52, 156.67, 1, 6, 2.17
128001, 131203.70, 37.3826603, 23.2485372, 0.00, 5.52, 156.67, 0, 4, 12.33
128101, 131203.70, 37.3826603, 23.2485372, 0.00, 5.52, 156.67, 0, 0, 99.99
128201, 131203.70, 37.3826603, 23.2485372, 0.00, 5.52, 156.67, 0, 0, 99.99
128301, 131207.70, 37.3825638, 23.2484810, 8.30, 5.63, 184.44, 1, 5, 1.93
128401, 131207.80, 37.3825658, 23.2484680, 0.00, 5.36, 191.95, 0, 4, 39.54
128501, 131209.70, 37.3825248, 23.2484935, 5.20, 3.62, 208.16, 1, 7, 1.62
128601, 131210.70, 37.3824900, 23.2485053, 4.10, 3.71, 203.57, 1, 6, 1.71
128701, 131211.60, 37.3824920, 23.2485317, 4.40, 2.62, 191.22, 1, 7, 1.72
128801, 131212.70, 37.3825090, 23.2485292, 4.60, 1.91, 0.00, 1, 4, 9.30
128901, 131213.60, 37.3825075, 23.2485140, 2.20, 2.07, 0.00, 1, 5, 4.53
129001, 131214.60, 37.3825202, 23.2485190, 1.20, 1.17, 0.00, 1, 5, 3.64
129101, 131215.30, 37.3825203, 23.2485372, 0.00, 1.01, 0.00, 0, 3, 33.40
129201, 131215.30, 37.3825203, 23.2485372, 0.00, 1.01, 0.00, 0, 3, 33.60
129301, 131215.30, 37.3825203, 23.2485372, 0.00, 1.01, 0.00, 0, 0, 99.99
129401, 131215.30, 37.3825203, 23.2485372, 0.00, 1.01, 0.00, 0, 0, 99.99
129501, 131215.30, 37.3825203, 23.2485372, 0.00, 1.01, 0.00, 0, 0, 99.99
129601, 131220.60, 37.3826015, 23.2484348, 2.30, 4.86, 325.23, 1, 6, 3.11
129701, 131221.60, 37.3826112, 23.2484127, 2.40, 4.60, 322.58, 1, 6, 3.11
129801, 131222.50, 37.3826177, 23.2484043, 0.00, 4.46, 321.22, 0, 0, 99.99
129901, 131223.50, 37.3826302, 23.2483982, 0.00, 4.68, 325.04, 0, 0, 99.99
130001, 131224.50, 37.3826442, 23.2483842, 0.00, 5.14, 324.06, 0, 0, 99.99
130101, 131224.50, 37.3826442, 23.2483842, 0.00, 5.14, 324.06, 0, 0, 99.99
130201, 131224.50, 37.3826442, 23.2483842, 0.00, 5.14, 324.06, 0, 0, 99.99
130301, 131224.50, 37.3826442, 23.2483842, 0.00, 5.14, 324.06, 0, 0, 99.99
130401, 131224.50, 37.3826442, 23.2483842, 0.00, 5.14, 324.06, 0, 0, 99.99
130501, 131224.50, 37.3826442, 23.2483842, 0.00, 5.14, 324.06, 0, 0, 99.99
130601, 131224.50, 37.3826442, 23.2483842, 0.00, 5.14, 324.06, 0, 0, 99.99
130701, 131224.50, 37.3826442, 23.2483842, 0.00, 5.14, 324.06, 0, 0, 99.99
130801, 131224.50, 37.3826442, 23.2483842, 0.00, 5.14, 324.06, 0, 0, 99.99
130901, 131224.50, 37.3826442, 23.2483842, 0.00, 5.14, 324.06, 0, 0, 99.99
131001, 131224.50, 37.3826442, 23.2483842, 0.00, 5.14, 324.06, 0, 0, 99.99
131101, 131224.50, 37.3826442, 23.2483842, 0.00, 5.14, 324.06, 0, 0, 99.99
131201, 131224.50, 37.3826442, 23.2483842, 0.00, 5.14, 324.06, 0, 0, 99.99
131301, 131224.50, 37.3826442, 23.2483842, 0.00, 5.14, 324.06, 0, 0, 99.99
131401, 131224.50, 37.3826442, 23.2483842, 0.00, 5.14, 324.06, 0, 0, 99.99
131501, 131224.50, 37.3826442, 23.2483842, 0.00, 5.14, 324.06, 0, 0, 99.99
131601, 131224.50, 37.3826442, 23.2483842, 0.00, 5.14, 324.06, 0, 0, 99.99
131701, 131224.50, 37.3826442, 23.2483842, 0.00, 5.14, 324.06, 0, 0, 99.99
131801, 131224.50, 37.3826442, 23.2483842, 0.00, 5.14, 324.06, 0, 0, 99.99
131901, 131224.50, 37.3826442, 23.2483842, 0.00, 5.14, 324.06, 0, 0, 99.99
132001, 131224.50, 37.3826442, 23.2483842, 0.00, 5.14, 324.06, 0, 0, 99.99
132101, 131245.40, 37.3827228, 23.2480175, -10.90, 5.87, 316.45, 1, 7, 2.27
132201, 131246.40, 37.3827858, 23.2479305, -18.70, 11.05, 334.75, 1, 12, 0.82
132301, 131247.30, 37.3827803, 23.2479157, -4.00, 9.55, 326.73, 1, 12, 0.67
132401, 131248.40, 37.3828045, 23.2478882, -1.00, 7.75, 321.48, 1, 12, 0.53
