Time [10ms], Voltage [mV], SOC [0.1%], Current [100uA]
110, 4145, 100, 0
210, 4145, 100, 0
310, 4145, 100, 0
410, 4145, 100, -73
510, 4145, 100, -73
610, 4147, 100, -73
710, 4147, 100, -72
810, 4147, 100, -72
910, 4147, 100, -72
1010, 4145, 100, -72
1110, 4145, 100, -73
1210, 4145, 100, -73
1310, 4145, 100, -73
1410, 4145, 100, -73
1510, 4145, 100, -74
1610, 4145, 100, -74
1710, 4145, 100, -74
1810, 4145, 100, -74
1910, 4145, 100, -73
2010, 4145, 100, -73
2110, 4145, 100, -73
2210, 4145, 100, -73
2310, 4145, 100, -73
2410, 4145, 100, -73
2510, 4145, 100, -73
2610, 4145, 100, -73
2710, 4145, 100, -72
2810, 4145, 100, -72
2910, 4145, 100, -72
3010, 4145, 100, -72
3110, 4145, 100, -73
3210, 4145, 100, -73
3310, 4145, 100, -73
3410, 4143, 100, -73
3510, 4143, 100, -73
3610, 4143, 100, -73
3710, 4143, 100, -73
3810, 4143, 100, -73
3910, 4143, 100, -72
4010, 4143, 100, -72
4110, 4143, 100, -72
4210, 4143, 100, -72
4310, 4143, 100, -72
4410, 4143, 100, -72
4510, 4143, 100, -72
4610, 4143, 100, -72
4710, 4143, 100, -72
4810, 4143, 100, -72
4910, 4143, 100, -72
5010, 4140, 100, -72
5110, 4140, 100, -73
5210, 4140, 100, -73
5310, 4140, 100, -73
5410, 4143, 100, -73
5510, 4143, 100, -76
5610, 4143, 100, -76
5710, 4143, 100, -76
5810, 4140, 99, -76
5910, 4140, 99, -72
6010, 4140, 99, -72
6110, 4140, 99, -72
6210, 4140, 99, -72
6310, 4140, 99, -72
6410, 4140, 99, -72
6510, 4140, 99, -72
6610, 4140, 99, -72
6710, 4140, 99, -72
6810, 4140, 99, -72
6910, 4140, 99, -72
7010, 4140, 99, -72
7110, 4140, 99, -72
7210, 4140, 99, -72
7310, 4140, 99, -72
7410, 4140, 99, -72
7510, 4140, 99, -73
7610, 4140, 99, -73
7710, 4140, 99, -73
7810, 4140, 99, -73
7910, 4140, 99, -74
8010, 4140, 99, -74
8110, 4140, 99, -74
8210, 4140, 99, -74
8310, 4140, 99, -73
8410, 4140, 99, -73
8510, 4140, 99, -73
8610, 4138, 99, -73
8710, 4138, 99, -73
8810, 4138, 99, -73
8910, 4138, 99, -73
9010, 4140, 99, -73
9110, 4140, 99, -71
9210, 4140, 99, -71
9310, 4140, 99, -71
9410, 4138, 99, -71
9510, 4138, 99, -73
9610, 4138, 99, -73
9710, 4138, 99, -73
9810, 4138, 99, -73
9910, 4138, 99, -72
10010, 4138, 99, -72
10110, 4138, 99, -72
10210, 4138, 99, -72
10310, 4138, 99, -72
10410, 4138, 99, -72
10510, 4138, 99, -72
10610, 4138, 99, -72
10710, 4138, 99, -73
10810, 4138, 99, -73
10910, 4138, 99, -73
11010, 4138, 99, -73
11110, 4138, 99, -75
11210, 4138, 99, -75
11310, 4138, 99, -75
11410, 4138, 99, -75
11510, 4138, 99, -73
11610, 4138, 99, -73
11710, 4138, 99, -73
11810, 4138, 99, -73
11910, 4138, 99, -72
12010, 4138, 99, -72
12110, 4138, 99, -72
12210, 4138, 99, -72
12310, 4138, 99, -72
12410, 4138, 99, -72
12510, 4138, 99, -72
12610, 4138, 99, -72
12710, 4138, 99, -72
12810, 4138, 99, -72
12910, 4138, 99, -72
13010, 4138, 99, -72
13110, 4138, 99, -73
13210, 4138, 99, -73
13310, 4138, 99, -73
13410, 4138, 99, -73
13510, 4138, 99, -71
13610, 4138, 99, -71
13710, 4138, 99, -71
13810, 4136, 99, -71
13910, 4136, 99, -72
14010, 4136, 99, -72
14110, 4136, 99, -72
14210, 4136, 99, -72
14310, 4136, 99, -71
14410, 4136, 99, -71
14510, 4136, 99, -71
14610, 4136, 99, -71
14710, 4136, 99, -73
14810, 4136, 99, -73
14910, 4136, 99, -73
15010, 4136, 99, -73
15110, 4136, 99, -72
15210, 4136, 99, -72
15310, 4136, 99, -72
15410, 4136, 99, -72
15510, 4136, 99, -72
15610, 4136, 99, -72
15710, 4136, 99, -72
15810, 4136, 99, -72
15910, 4136, 99, -70
16010, 4136, 99, -70
16110, 4136, 99, -70
16210, 4136, 99, -70
16310, 4136, 99, -71
16410, 4136, 99, -71
16510, 4136, 99, -71
16610, 4136, 99, -71
16710, 4136, 99, -71
16810, 4136, 99, -71
16910, 4136, 99, -71
17010, 4136, 99, -71
17110, 4136, 99, -70
17210, 4136, 99, -70
17310, 4136, 99, -70
17410, 4136, 99, -70
17510, 4136, 99, -70
17610, 4136, 99, -70
17710, 4136, 99, -70
17810, 4136, 99, -70
17910, 4134, 99, -70
18010, 4134, 99, -70
18110, 4134, 99, -70
18210, 4134, 99, -70
18310, 4134, 99, -70
18410, 4134, 99, -70
18510, 4134, 99, -70
18610, 4134, 99, -70
18710, 4134, 99, -71
18810, 4134, 99, -71
18910, 4134, 99, -71
19010, 4134, 99, -71
19110, 4134, 99, -70
19210, 4134, 99, -70
19310, 4134, 99, -70
19410, 4134, 99, -70
19510, 4134, 99, -69
19610, 4134, 99, -69
19710, 4134, 99, -69
19810, 4134, 99, -69
19910, 4134, 99, -71
20010, 4134, 99, -71
20110, 4134, 99, -71
20210, 4134, 99, -71
20310, 4134, 99, -70
20410, 4134, 99, -70
20510, 4134, 99, -70
20610, 4134, 99, -70
20710, 4134, 99, -70
20810, 4134, 99, -70
20910, 4134, 99, -70
21010, 4134, 99, -70
21110, 4134, 99, -70
21210, 4134, 99, -70
21310, 4134, 99, -70
21410, 4134, 99, -70
21510, 4132, 99, -69
21610, 4132, 99, -69
21710, 4132, 99, -69
21810, 4132, 99, -69
21910, 4132, 99, -69
22010, 4132, 99, -69
22110, 4132, 99, -69
22210, 4132, 99, -69
22310, 4129, 99, -70
22410, 4129, 99, -70
22510, 4129, 99, -70
22610, 4129, 99, -70
22710, 4132, 99, -69
22810, 4132, 99, -69
22910, 4132, 99, -69
23010, 4132, 99, -69
23110, 4134, 99, -69
23210, 4134, 99, -69
23310, 4134, 99, -69
23410, 4134, 99, -69
23510, 4132, 99, -71
23610, 4132, 99, -71
23710, 4132, 99, -71
23810, 4132, 99, -71
23910, 4132, 99, -68
24010, 4132, 99, -68
24110, 4132, 99, -68
24210, 4132, 99, -68
24310, 4132, 99, -70
24410, 4132, 99, -70
24510, 4132, 99, -70
24610, 4132, 99, -70
24710, 4132, 99, -69
24810, 4132, 99, -69
24910, 4132, 99, -69
25010, 4132, 99, -69
25110, 4132, 99, -70
25210, 4132, 99, -70
25310, 4132, 99, -70
25410, 4132, 99, -70
25510, 4132, 99, -69
25610, 4132, 99, -69
25710, 4132, 99, -69
25810, 4132, 99, -69
25910, 4132, 99, -69
26010, 4132, 99, -69
26110, 4132, 99, -69
26210, 4132, 99, -69
26310, 4132, 99, -70
26410, 4132, 99, -70
26510, 4132, 99, -70
26610, 4132, 99, -70
26710, 4129, 99, -70
26810, 4129, 99, -70
26910, 4129, 99, -70
27010, 4129, 99, -70
27110, 4132, 99, -69
27210, 4132, 99, -69
27310, 4132, 99, -69
27410, 4132, 99, -69
27510, 4132, 99, -70
27610, 4132, 99, -70
27710, 4132, 99, -70
27810, 4132, 99, -70
27910, 4129, 99, -69
28010, 4129, 99, -69
28110, 4129, 99, -69
28210, 4129, 99, -69
28310, 4129, 99, -70
28410, 4129, 99, -70
28510, 4129, 99, -70
28610, 4129, 99, -70
28710, 4129, 99, -70
28810, 4129, 99, -70
28910, 4129, 99, -70
29010, 4129, 99, -70
29110, 4129, 99, -70
29210, 4129, 99, -70
29310, 4129, 99, -70
29410, 4129, 99, -70
29510, 4129, 99, -72
29610, 4129, 99, -72
29710, 4129, 98, -72
29810, 4129, 98, -72
29910, 4127, 98, -69
30010, 4127, 98, -69
30110, 4127, 98, -69
30210, 4127, 98, -69
30310, 4129, 98, -69
30410, 4129, 98, -69
30510, 4129, 98, -69
30610, 4129, 98, -69
30710, 4129, 98, -69
30810, 4129, 98, -69
30910, 4129, 98, -69
31010, 4129, 98, -69
31110, 4127, 98, -69
31210, 4127, 98, -69
31310, 4127, 98, -69
31410, 4127, 98, -69
31510, 4129, 98, -69
31610, 4129, 98, -69
31710, 4129, 98, -69
31810, 4129, 98, -69
31910, 4127, 98, -69
32010, 4127, 98, -69
32110, 4127, 98, -69
32210, 4127, 98, -69
32310, 4129, 98, -69
32410, 4129, 98, -69
32510, 4129, 98, -69
32610, 4129, 98, -69
32710, 4129, 98, -69
32810, 4129, 98, -69
32910, 4129, 98, -69
33010, 4129, 98, -69
33110, 4127, 98, -69
33210, 4127, 98, -69
33310, 4127, 98, -69
33410, 4127, 98, -69
33510, 4127, 98, -70
33610, 4127, 98, -70
33710, 4127, 98, -70
33810, 4127, 98, -70
33910, 4127, 98, -70
34010, 4127, 98, -70
34110, 4127, 98, -70
34210, 4127, 98, -70
34310, 4127, 98, -69
34410, 4127, 98, -69
34510, 4127, 98, -69
34610, 4127, 98, -69
34710, 4127, 98, -69
34810, 4127, 98, -69
34910, 4127, 98, -69
35010, 4127, 98, -69
35110, 4127, 98, -69
35210, 4127, 98, -69
35310, 4127, 98, -69
35410, 4127, 98, -69
35510, 4127, 98, -71
35610, 4127, 98, -71
35710, 4127, 98, -71
35810, 4127, 98, -71
35910, 4127, 98, -74
36010, 4127, 98, -74
36110, 4127, 98, -74
36210, 4127, 98, -74
36310, 4127, 98, -70
36410, 4127, 98, -70
36510, 4127, 98, -70
36610, 4127, 98, -70
36710, 4125, 98, -70
36810, 4125, 98, -70
36910, 4125, 98, -70
37010, 4125, 98, -70
37110, 4125, 98, -70
37210, 4125, 98, -70
37310, 4125, 98, -70
37410, 4125, 98, -70
37510, 4125, 98, -70
37610, 4125, 98, -71
37710, 4125, 98, -71
37810, 4125, 98, -71
37910, 4125, 98, -71
38010, 4125, 98, -71
38110, 4125, 98, -71
38210, 4125, 98, -71
38310, 4125, 98, -71
38410, 4125, 98, -70
38510, 4125, 98, -70
38610, 4125, 98, -70
38710, 4125, 98, -70
38810, 4125, 98, -71
38910, 4125, 98, -71
39010, 4125, 98, -71
39110, 4125, 98, -71
39210, 4125, 98, -72
39310, 4125, 98, -72
39410, 4125, 98, -72
39510, 4125, 98, -72
39610, 4125, 98, -72
39710, 4125, 98, -72
39810, 4125, 98, -72
39910, 4125, 98, -72
40010, 4125, 98, -73
40110, 4125, 98, -73
40210, 4125, 98, -73
40310, 4125, 98, -73
40410, 4125, 98, -72
40510, 4125, 98, -72
40610, 4125, 98, -72
40710, 4123, 98, -72
40810, 4123, 98, -72
40910, 4123, 98, -72
41010, 4123, 98, -72
41110, 4123, 98, -72
41210, 4123, 98, -72
41310, 4123, 98, -72
41410, 4123, 98, -72
41510, 4123, 98, -72
41610, 4123, 98, -74
41710, 4123, 98, -74
41810, 4123, 98, -74
41910, 4123, 98, -74
42010, 4123, 98, -74
42110, 4123, 98, -74
42210, 4123, 98, -74
42310, 4123, 98, -74
42410, 4123, 98, -73
42510, 4123, 98, -73
42610, 4123, 98, -73
42710, 4123, 98, -73
42810, 4123, 98, -75
42910, 4123, 98, -75
43010, 4123, 98, -75
43110, 4123, 98, -75
43210, 4123, 98, -73
43310, 4123, 98, -73
43410, 4123, 98, -73
43510, 4123, 98, -73
43610, 4123, 98, -73
43710, 4123, 98, -73
43810, 4123, 98, -73
43910, 4123, 98, -73
44010, 4123, 98, -73
44110, 4123, 98, -73
44210, 4123, 98, -73
44310, 4121, 98, -73
44410, 4121, 98, -72
44510, 4121, 98, -72
44610, 4121, 98, -72
44710, 4123, 98, -72
44810, 4123, 98, -73
44910, 4123, 98, -73
45010, 4123, 98, -73
45110, 4123, 98, -73
45210, 4123, 98, -73
45310, 4123, 98, -73
45410, 4123, 98, -73
45510, 4123, 98, -73
45610, 4123, 98, -73
45710, 4123, 98, -73
45810, 4123, 98, -73
45910, 4123, 98, -73
46010, 4123, 98, -75
46110, 4123, 98, -75
46210, 4123, 98, -75
46310, 4123, 98, -75
46410, 4123, 98, -73
46510, 4123, 98, -73
46610, 4123, 98, -73
46710, 4121, 98, -73
46810, 4121, 98, -73
46910, 4121, 98, -73
47010, 4121, 98, -73
47110, 4121, 98, -73
47210, 4121, 98, -73
47310, 4121, 98, -73
47410, 4121, 98, -73
47510, 4121, 98, -73
47610, 4121, 98, -74
47710, 4121, 98, -74
47810, 4121, 98, -74
47910, 4121, 98, -74
48010, 4121, 98, -73
48110, 4121, 98, -73
48210, 4121, 98, -73
48310, 4121, 98, -73
48410, 4121, 98, -73
48510, 4121, 98, -73
48610, 4121, 98, -73
48710, 4121, 98, -73
48810, 4121, 98, -73
48910, 4121, 98, -73
49010, 4121, 98, -73
49110, 4121, 98, -73
49210, 4121, 98, -74
49310, 4121, 98, -74
49410, 4121, 98, -74
49510, 4121, 98, -74
49610, 4121, 98, -72
49710, 4121, 98, -72
49810, 4121, 98, -72
49910, 4121, 98, -72
50010, 4121, 98, -72
50110, 4121, 98, -72
50210, 4121, 98, -72
50310, 4121, 98, -72
50410, 4121, 98, -71
50510, 4121, 98, -71
50610, 4121, 98, -71
50710, 4121, 98, -71
50810, 4121, 98, -72
50910, 4121, 98, -72
51010, 4121, 98, -72
51110, 4121, 98, -72
51210, 4121, 98, -73
51310, 4121, 98, -73
51410, 4121, 98, -73
51510, 4118, 98, -73
51610, 4118, 98, -74
51710, 4118, 98, -74
51810, 4118, 98, -74
51910, 4118, 98, -74
52010, 4118, 98, -73
52110, 4118, 98, -73
52210, 4118, 98, -73
52310, 4118, 98, -73
52410, 4118, 98, -74
52510, 4118, 98, -74
52610, 4118, 98, -74
52710, 4118, 98, -74
52810, 4118, 98, -73
52910, 4118, 98, -73
53010, 4118, 98, -73
53110, 4118, 98, -73
53210, 4118, 98, -74
53310, 4118, 98, -74
53410, 4118, 98, -74
53510, 4118, 98, -74
53610, 4118, 98, -73
53710, 4118, 97, -73
53810, 4118, 97, -73
53910, 4118, 97, -73
54010, 4118, 97, -75
54110, 4118, 97, -75
54210, 4118, 97, -75
54310, 4118, 97, -75
54410, 4118, 97, -74
54510, 4118, 97, -74
54610, 4118, 97, -74
54710, 4118, 97, -74
54810, 4118, 97, -73
54910, 4118, 97, -73
55010, 4118, 97, -73
55110, 4118, 97, -73
55210, 4118, 97, -73
55310, 4118, 97, -73
55410, 4118, 97, -73
55510, 4116, 97, -73
55610, 4116, 97, -74
55710, 4116, 97, -74
55810, 4116, 97, -74
55910, 4116, 97, -74
56010, 4116, 97, -75
56110, 4116, 97, -75
56210, 4116, 97, -75
56310, 4116, 97, -75
56410, 4116, 97, -71
56510, 4116, 97, -71
56610, 4116, 97, -71
56710, 4116, 97, -71
56810, 4116, 97, -75
56910, 4116, 97, -75
57010, 4116, 97, -75
57110, 4116, 97, -75
57210, 4116, 97, -73
57310, 4116, 97, -73
57410, 4116, 97, -73
57510, 4116, 97, -73
57610, 4116, 97, -72
57710, 4116, 97, -72
57810, 4116, 97, -72
57910, 4116, 97, -72
58010, 4116, 97, -71
58110, 4116, 97, -71
58210, 4116, 97, -71
58310, 4116, 97, -71
58410, 4116, 97, -71
58510, 4116, 97, -71
58610, 4116, 97, -71
58710, 4116, 97, -71
58810, 4116, 97, -71
58910, 4116, 97, -71
59010, 4116, 97, -71
59110, 4116, 97, -71
59210, 4116, 97, -72
59310, 4116, 97, -72
59410, 4116, 97, -72
59510, 4116, 97, -72
59610, 4116, 97, -71
59710, 4116, 97, -71
59810, 4116, 97, -71
59910, 4116, 97, -71
60010, 4116, 97, -70
60110, 4116, 97, -70
60210, 4116, 97, -70
60310, 4116, 97, -70
60410, 4116, 97, -71
60510, 4116, 97, -71
60610, 4116, 97, -71
60710, 4116, 97, -71
60810, 4114, 97, -71
60910, 4114, 97, -71
61010, 4114, 97, -71
61110, 4114, 97, -71
61210, 4114, 97, -70
61310, 4114, 97, -70
61410, 4114, 97, -70
61510, 4114, 97, -70
61610, 4114, 97, -71
61710, 4114, 97, -71
61810, 4114, 97, -71
61910, 4114, 97, -71
62010, 4114, 97, -70
62110, 4114, 97, -70
62210, 4114, 97, -70
62310, 4114, 97, -70
62410, 4114, 97, -69
62510, 4114, 97, -69
62610, 4114, 97, -69
62710, 4114, 97, -69
62810, 4114, 97, -69
62910, 4114, 97, -69
63010, 4114, 97, -69
63110, 4114, 97, -69
63210, 4114, 97, -70
63310, 4114, 97, -70
63410, 4114, 97, -70
63510, 4114, 97, -70
63610, 4114, 97, -70
63710, 4114, 97, -70
63810, 4114, 97, -70
63910, 4114, 97, -70
64010, 4114, 97, -69
64110, 4114, 97, -69
64210, 4114, 97, -69
64310, 4114, 97, -69
64410, 4114, 97, -69
64510, 4114, 97, -69
64610, 4114, 97, -69
64710, 4114, 97, -69
64810, 4112, 97, -70
64910, 4112, 97, -70
65010, 4112, 97, -70
65110, 4112, 97, -70
65210, 4112, 97, -69
65310, 4112, 97, -69
65410, 4112, 97, -69
65510, 4112, 97, -69
65610, 4112, 97, -72
65710, 4112, 97, -72
65810, 4112, 97, -72
65910, 4112, 97, -72
66010, 4114, 97, -70
66110, 4114, 97, -70
66210, 4114, 97, -70
66310, 4114, 97, -70
66410, 4114, 97, -69
66510, 4114, 97, -69
66610, 4114, 97, -69
66710, 4114, 97, -69
66810, 4114, 97, -69
66910, 4114, 97, -69
67010, 4114, 97, -69
67110, 4114, 97, -69
67210, 4114, 97, -70
67310, 4114, 97, -70
67410, 4114, 97, -70
67510, 4114, 97, -70
67610, 4112, 97, -70
67710, 4112, 97, -70
67810, 4112, 97, -70
67910, 4112, 97, -70
68010, 4112, 97, -70
68110, 4112, 97, -70
68210, 4112, 97, -70
68310, 4112, 97, -70
68410, 4112, 97, -69
68510, 4112, 97, -69
68610, 4112, 97, -69
68710, 4112, 97, -69
68810, 4112, 97, -69
68910, 4112, 97, -69
69010, 4112, 97, -69
69110, 4112, 97, -69
69210, 4112, 97, -69
69310, 4112, 97, -69
69410, 4112, 97, -69
69510, 4112, 97, -69
69610, 4110, 97, -69
69710, 4110, 97, -69
69810, 4110, 97, -69
69910, 4110, 97, -69
70010, 4112, 97, -68
70110, 4112, 97, -68
70210, 4112, 97, -68
70310, 4112, 97, -68
70410, 4112, 97, -68
70510, 4112, 97, -68
70610, 4112, 97, -68
70710, 4112, 97, -68
70810, 4110, 97, -69
70910, 4110, 97, -69
71010, 4110, 97, -69
71110, 4110, 97, -69
71210, 4112, 97, -70
71310, 4112, 97, -70
71410, 4112, 97, -70
71510, 4112, 97, -70
71610, 4112, 97, -69
71710, 4112, 97, -69
71810, 4112, 97, -69
71910, 4112, 97, -69
72010, 4112, 97, -69
72110, 4112, 97, -69
72210, 4112, 97, -69
72310, 4112, 97, -69
72410, 4110, 97, -68
72510, 4110, 97, -68
72610, 4110, 97, -68
72710, 4110, 97, -68
72810, 4110, 97, -70
72910, 4110, 97, -70
73010, 4110, 97, -70
73110, 4110, 97, -70
73210, 4110, 97, -70
73310, 4110, 97, -70
73410, 4110, 97, -70
73510, 4110, 97, -70
73610, 4110, 97, -70
73710, 4110, 97, -70
73810, 4110, 97, -70
73910, 4110, 97, -70
74010, 4110, 97, -70
74110, 4110, 97, -70
74210, 4110, 97, -70
74310, 4110, 97, -70
74410, 4110, 97, -69
74510, 4110, 97, -69
74610, 4110, 97, -69
74710, 4110, 97, -69
74810, 4110, 97, -69
74910, 4110, 97, -69
75010, 4110, 97, -69
75110, 4110, 97, -69
75210, 4110, 97, -69
75310, 4110, 97, -69
75410, 4110, 97, -69
75510, 4110, 97, -69
75610, 4107, 97, -70
75710, 4107, 97, -70
75810, 4107, 97, -70
75910, 4107, 97, -70
76010, 4107, 97, -70
76110, 4107, 97, -70
76210, 4107, 97, -70
76310, 4107, 97, -70
76410, 4110, 97, -71
76510, 4110, 97, -71
76610, 4110, 97, -71
76710, 4110, 97, -71
76810, 4107, 97, -71
76910, 4107, 97, -71
77010, 4107, 97, -71
77110, 4107, 97, -71
77210, 4107, 97, -73
77310, 4107, 97, -73
77410, 4107, 97, -73
77510, 4107, 97, -73
77610, 4107, 97, -71
77710, 4107, 97, -71
77810, 4107, 96, -71
77910, 4107, 96, -71
78010, 4107, 96, -70
78110, 4107, 96, -70
78210, 4107, 96, -70
78310, 4107, 96, -70
78410, 4107, 96, -71
78510, 4107, 96, -71
78610, 4107, 96, -71
78710, 4107, 96, -71
78810, 4107, 96, -70
78910, 4107, 96, -70
79010, 4107, 96, -70
79110, 4107, 96, -70
79210, 4107, 96, -70
79310, 4107, 96, -70
79410, 4107, 96, -70
79510, 4107, 96, -70
79610, 4107, 96, -71
79710, 4107, 96, -71
79810, 4107, 96, -71
79910, 4107, 96, -71
80010, 4107, 96, -71
80110, 4107, 96, -71
80210, 4107, 96, -71
80310, 4107, 96, -71
80410, 4107, 96, -71
80510, 4107, 96, -71
80610, 4107, 96, -71
80710, 4107, 96, -71
80810, 4105, 96, -71
80910, 4105, 96, -71
81010, 4105, 96, -71
81110, 4105, 96, -71
81210, 4105, 96, -71
81310, 4105, 96, -71
81410, 4105, 96, -71
81510, 4105, 96, -71
81610, 4105, 96, -71
81710, 4105, 96, -71
81810, 4105, 96, -71
81910, 4105, 96, -71
82010, 4105, 96, -71
82110, 4105, 96, -72
82210, 4105, 96, -72
82310, 4105, 96, -72
82410, 4105, 96, -72
82510, 4105, 96, -71
82610, 4105, 96, -71
82710, 4105, 96, -71
82810, 4105, 96, -71
82910, 4105, 96, -73
83010, 4105, 96, -73
83110, 4105, 96, -73
83210, 4105, 96, -73
83310, 4105, 96, -73
83410, 4105, 96, -73
83510, 4105, 96, -73
83610, 4105, 96, -73
83710, 4105, 96, -73
83810, 4105, 96, -73
83910, 4105, 96, -73
84010, 4105, 96, -73
84110, 4105, 96, -72
84210, 4105, 96, -72
84310, 4105, 96, -72
84410, 4105, 96, -72
84510, 4105, 96, -72
84610, 4105, 96, -72
84710, 4105, 96, -72
84810, 4103, 96, -72
84910, 4103, 96, -72
85010, 4103, 96, -72
85110, 4103, 96, -72
85210, 4103, 96, -72
85310, 4103, 96, -73
85410, 4103, 96, -73
85510, 4103, 96, -73
85610, 4103, 96, -73
85710, 4103, 96, -72
85810, 4103, 96, -72
85910, 4103, 96, -72
86010, 4103, 96, -72
86110, 4103, 96, -72
86210, 4103, 96, -72
86310, 4103, 96, -72
86410, 4103, 96, -72
86510, 4103, 96, -71
86610, 4103, 96, -71
86710, 4103, 96, -71
86810, 4103, 96, -71
86910, 4103, 96, -70
87010, 4103, 96, -70
87110, 4103, 96, -70
87210, 4103, 96, -70
87310, 4103, 96, -71
87410, 4103, 96, -71
87510, 4103, 96, -71
87610, 4103, 96, -71
87710, 4103, 96, -72
87810, 4103, 96, -72
87910, 4103, 96, -72
88010, 4103, 96, -72
88110, 4103, 96, -73
88210, 4103, 96, -73
88310, 4103, 96, -73
88410, 4103, 96, -73
88510, 4103, 96, -72
88610, 4103, 96, -72
88710, 4103, 96, -72
88810, 4103, 96, -72
88910, 4103, 96, -71
89010, 4103, 96, -71
89110, 4103, 96, -71
89210, 4103, 96, -71
89310, 4103, 96, -71
89410, 4103, 96, -71
89510, 4103, 96, -71
89610, 4103, 96, -71
89710, 4103, 96, -73
89810, 4103, 96, -73
89910, 4103, 96, -73
90010, 4101, 96, -73
90110, 4101, 96, -72
90210, 4101, 96, -72
90310, 4101, 96, -72
90410, 4103, 96, -72
90510, 4103, 96, -73
90610, 4103, 96, -73
90710, 4103, 96, -73
90810, 4101, 96, -73
90910, 4101, 96, -72
91010, 4101, 96, -72
91110, 4101, 96, -72
91210, 4101, 96, -72
91310, 4101, 96, -72
91410, 4101, 96, -72
91510, 4101, 96, -72
91610, 4101, 96, -72
91710, 4101, 96, -71
91810, 4101, 96, -71
91910, 4101, 96, -71
92010, 4101, 96, -71
92110, 4101, 96, -71
92210, 4101, 96, -71
92310, 4101, 96, -71
92410, 4101, 96, -71
92510, 4101, 96, -70
92610, 4101, 96, -70
92710, 4101, 96, -70
92810, 4101, 96, -70
92910, 4101, 96, -71
93010, 4101, 96, -71
93110, 4101, 96, -71
93210, 4101, 96, -71
93310, 4101, 96, -70
93410, 4101, 96, -70
93510, 4101, 96, -70
93610, 4101, 96, -70
93710, 4101, 96, -70
93810, 4101, 96, -70
93910, 4101, 96, -70
94010, 4099, 96, -70
94110, 4099, 96, -71
94210, 4099, 96, -71
94310, 4099, 96, -71
94410, 4099, 96, -71
94510, 4099, 96, -70
94610, 4099, 96, -70
94710, 4099, 96, -70
94810, 4099, 96, -70
94910, 4099, 96, -71
95010, 4099, 96, -71
95110, 4099, 96, -71
95210, 4099, 96, -71
95310, 4099, 96, -71
95410, 4099, 96, -71
95510, 4099, 96, -71
95610, 4099, 96, -71
95710, 4099, 96, -71
95810, 4099, 96, -71
95910, 4099, 96, -71
96010, 4099, 96, -71
96110, 4099, 96, -71
96210, 4099, 96, -71
96310, 4099, 96, -71
96410, 4099, 96, -71
96510, 4099, 96, -71
96610, 4099, 96, -71
96710, 4099, 96, -71
96810, 4099, 96, -71
96910, 4099, 96, -70
97010, 4099, 96, -70
97110, 4099, 96, -70
97210, 4099, 96, -70
97310, 4099, 96, -73
97410, 4099, 96, -73
97510, 4099, 96, -73
97610, 4099, 96, -73
97710, 4099, 96, -71
97810, 4099, 96, -71
97910, 4099, 96, -71
98010, 4099, 96, -71
98110, 4099, 96, -71
98210, 4099, 96, -71
98310, 4099, 96, -71
98410, 4099, 96, -71
98510, 4099, 96, -71
98610, 4099, 96, -71
98710, 4099, 96, -71
98810, 4096, 96, -71
98910, 4096, 96, -71
99010, 4096, 96, -71
99110, 4096, 96, -71
99210, 4096, 96, -71
99310, 4096, 96, -72
99410, 4096, 96, -72
99510, 4096, 96, -72
99610, 4096, 96, -72
99710, 4096, 96, -71
99810, 4096, 96, -71
99910, 4096, 96, -71
100010, 4096, 96, -71
100110, 4096, 96, -71
100210, 4096, 96, -71
100310, 4096, 96, -71
100410, 4096, 96, -71
100510, 4096, 96, -72
100610, 4096, 96, -72
100710, 4096, 96, -72
100810, 4096, 96, -72
100910, 4096, 96, -72
101010, 4096, 96, -72
101110, 4096, 96, -72
101210, 4096, 96, -72
101310, 4096, 96, -71
101410, 4096, 96, -71
101510, 4096, 96, -71
101610, 4096, 96, -71
101710, 4096, 96, -72
101810, 4096, 96, -72
101910, 4096, 96, -72
102010, 4094, 96, -72
102110, 4094, 95, -71
102210, 4094, 95, -71
102310, 4094, 95, -71
102410, 4094, 95, -71
102510, 4094, 95, -71
102610, 4094, 95, -71
102710, 4094, 95, -71
102810, 4096, 95, -71
102910, 4096, 95, -72
103010, 4096, 95, -72
103110, 4096, 95, -72
103210, 4094, 95, -72
103310, 4094, 95, -72
103410, 4094, 95, -72
103510, 4094, 95, -72
103610, 4094, 95, -72
103710, 4094, 95, -72
103810, 4094, 95, -72
103910, 4094, 95, -72
104010, 4094, 95, -72
104110, 4094, 95, -71
104210, 4094, 95, -71
104310, 4094, 95, -71
104410, 4094, 95, -71
104510, 4094, 95, -72
104610, 4094, 95, -72
104710, 4094, 95, -72
104810, 4094, 95, -72
104910, 4094, 95, -73
105010, 4094, 95, -73
105110, 4094, 95, -73
105210, 4094, 95, -73
105310, 4094, 95, -72
105410, 4094, 95, -72
105510, 4094, 95, -72
105610, 4094, 95, -72
105710, 4094, 95, -70
105810, 4094, 95, -70
105910, 4094, 95, -70
106010, 4094, 95, -70
106110, 4094, 95, -71
106210, 4094, 95, -71
106310, 4094, 95, -71
106410, 4094, 95, -71
106510, 4094, 95, -69
106610, 4094, 95, -69
106710, 4094, 95, -69
106810, 4094, 95, -69
106910, 4094, 95, -71
107010, 4094, 95, -71
107110, 4094, 95, -71
107210, 4094, 95, -71
107310, 4094, 95, -70
107410, 4094, 95, -70
107510, 4094, 95, -70
107610, 4094, 95, -70
107710, 4094, 95, -73
107810, 4094, 95, -73
107910, 4094, 95, -73
108010, 4092, 95, -73
108110, 4092, 95, -71
108210, 4092, 95, -71
108310, 4092, 95, -71
108410, 4094, 95, -71
108510, 4094, 95, -72
108610, 4094, 95, -72
108710, 4094, 95, -72
108810, 4092, 95, -72
108910, 4092, 95, -72
109010, 4092, 95, -72
109110, 4092, 95, -72
109210, 4092, 95, -72
109310, 4092, 95, -73
109410, 4092, 95, -73
109510, 4092, 95, -73
109610, 4092, 95, -73
109710, 4092, 95, -73
109810, 4092, 95, -73
109910, 4092, 95, -73
110010, 4092, 95, -73
110110, 4092, 95, -71
110210, 4092, 95, -71
110310, 4092, 95, -71
110410, 4092, 95, -71
110510, 4092, 95, -72
110610, 4092, 95, -72
110710, 4092, 95, -72
110810, 4092, 95, -72
110910, 4092, 95, -72
111010, 4092, 95, -72
111110, 4092, 95, -72
111210, 4092, 95, -72
111310, 4092, 95, -71
111410, 4092, 95, -71
111510, 4092, 95, -71
111610, 4092, 95, -71
111710, 4092, 95, -71
111810, 4092, 95, -71
111910, 4092, 95, -71
112010, 4092, 95, -71
112110, 4092, 95, -71
112210, 4092, 95, -71
112310, 4092, 95, -71
112410, 4092, 95, -71
112510, 4090, 95, -69
112610, 4090, 95, -69
112710, 4090, 95, -69
112810, 4090, 95, -69
112910, 4090, 95, -70
113010, 4090, 95, -70
113110, 4090, 95, -70
113210, 4090, 95, -70
113310, 4092, 95, -69
113410, 4092, 95, -69
113510, 4092, 95, -69
113610, 4092, 95, -69
113710, 4090, 95, -69
113810, 4090, 95, -69
113910, 4090, 95, -69
114010, 4090, 95, -69
114110, 4090, 95, -70
114210, 4090, 95, -70
114310, 4090, 95, -70
114410, 4090, 95, -70
114510, 4090, 95, -69
114610, 4090, 95, -69
114710, 4090, 95, -69
114810, 4090, 95, -69
114910, 4090, 95, -70
115010, 4090, 95, -70
115110, 4090, 95, -70
115210, 4090, 95, -70
115310, 4090, 95, -70
115410, 4090, 95, -70
115510, 4090, 95, -70
115610, 4090, 95, -70
115710, 4090, 95, -70
115810, 4090, 95, -70
115910, 4090, 95, -70
116010, 4090, 95, -70
116110, 4090, 95, -69
116210, 4090, 95, -69
116310, 4090, 95, -69
116410, 4090, 95, -69
116510, 4090, 95, -68
116610, 4090, 95, -68
116710, 4090, 95, -68
116810, 4090, 95, -68
116910, 4088, 95, -68
117010, 4088, 95, -68
117110, 4088, 95, -68
117210, 4088, 95, -68
117310, 4088, 95, -67
117410, 4088, 95, -67
117510, 4088, 95, -67
117610, 4088, 95, -67
117710, 4088, 95, -68
117810, 4088, 95, -68
117910, 4088, 95, -68
118010, 4088, 95, -68
118110, 4088, 95, -69
118210, 4088, 95, -69
118310, 4088, 95, -69
118410, 4088, 95, -69
118510, 4088, 95, -68
118610, 4088, 95, -68
118710, 4088, 95, -68
118810, 4088, 95, -68
118910, 4088, 95, -68
119010, 4088, 95, -68
119110, 4088, 95, -68
119210, 4088, 95, -68
119310, 4088, 95, -68
119410, 4088, 95, -68
119510, 4088, 95, -68
119610, 4088, 95, -68
119710, 4088, 95, -68
119810, 4088, 95, -68
119910, 4088, 95, -68
120010, 4088, 95, -68
120110, 4088, 95, -70
120210, 4088, 95, -70
120310, 4088, 95, -70
120410, 4088, 95, -70
120510, 4088, 95, -68
120610, 4088, 95, -68
120710, 4088, 95, -68
120810, 4088, 95, -68
120910, 4088, 95, -68
121010, 4088, 95, -68
121110, 4088, 95, -68
121210, 4088, 95, -68
121310, 4088, 95, -69
121410, 4088, 95, -69
121510, 4088, 95, -69
121610, 4088, 95, -69
121710, 4085, 95, -69
121810, 4085, 95, -69
121910, 4085, 95, -69
122010, 4085, 95, -69
122110, 4085, 95, -68
122210, 4085, 95, -68
122310, 4085, 95, -68
122410, 4085, 95, -68
122510, 4085, 95, -68
122610, 4085, 95, -68
122710, 4085, 95, -68
122810, 4085, 95, -68
122910, 4085, 95, -70
123010, 4085, 95, -70
123110, 4085, 95, -70
123210, 4085, 95, -70
123310, 4085, 95, -69
123410, 4085, 95, -69
123510, 4085, 95, -69
123610, 4085, 95, -69
123710, 4083, 95, -69
123810, 4083, 95, -69
123910, 4083, 95, -69
124010, 4083, 95, -69
124110, 4083, 95, -69
124210, 4083, 95, -69
124310, 4083, 95, -69
124410, 4083, 95, -69
124510, 4083, 95, -67
124610, 4083, 95, -67
124710, 4083, 95, -67
124810, 4083, 95, -67
124910, 4083, 95, -67
125010, 4083, 95, -67
125110, 4083, 95, -67
125210, 4083, 95, -67
125310, 4085, 95, -68
125410, 4085, 95, -68
125510, 4085, 95, -68
125610, 4085, 95, -68
125710, 4085, 95, -72
125810, 4085, 95, -72
125910, 4085, 95, -72
126010, 4085, 95, -72
126110, 4085, 95, -68
126210, 4085, 95, -68
126310, 4085, 95, -68
126410, 4085, 95, -68
126510, 4085, 95, -69
126610, 4085, 94, -69
126710, 4085, 94, -69
126810, 4085, 94, -69
126910, 4085, 94, -69
127010, 4085, 94, -69
127110, 4085, 94, -69
127210, 4085, 94, -69
127310, 4083, 94, -68
127410, 4083, 94, -68
127510, 4083, 94, -68
127610, 4083, 94, -68
127710, 4083, 94, -68
127810, 4083, 94, -68
127910, 4083, 94, -68
128010, 4083, 94, -68
128110, 4083, 94, -69
128210, 4083, 94, -69
128310, 4083, 94, -69
128410, 4083, 94, -69
128510, 4083, 94, -69
128610, 4083, 94, -69
128710, 4083, 94, -69
128810, 4083, 94, -69
128910, 4083, 94, -68
129010, 4083, 94, -68
129110, 4083, 94, -68
129210, 4083, 94, -68
129310, 4083, 94, -71
129410, 4083, 94, -71
129510, 4083, 94, -71
129610, 4083, 94, -71
129710, 4083, 94, -68
129810, 4083, 94, -68
129910, 4083, 94, -68
130010, 4083, 94, -68
130110, 4083, 94, -70
130210, 4083, 94, -70
130310, 4083, 94, -70
130410, 4083, 94, -70
130510, 4083, 94, -68
130610, 4083, 94, -68
130710, 4083, 94, -68
130810, 4083, 94, -68
130910, 4083, 94, -69
131010, 4083, 94, -69
131110, 4083, 94, -69
131210, 4083, 94, -69
131310, 4083, 94, -68
131410, 4083, 94, -68
131510, 4083, 94, -68
131610, 4083, 94, -68
131710, 4083, 94, -69
131810, 4083, 94, -69
131910, 4083, 94, -69
132010, 4083, 94, -69
132110, 4081, 94, -69
132210, 4081, 94, -69
132310, 4081, 94, -69
132410, 4081, 94, -69
134245, 4083, 94, -67
135558, 4081, 94, -69
136871, 4079, 94, -68
138189, 4079, 94, -67
139501, 4079, 94, -68
140813, 4079, 94, -67
142124, 4079, 94, -66
143437, 4077, 94, -69
144750, 4079, 94, -68
146064, 4077, 94, -67
147383, 4077, 94, -68
148695, 4077, 94, -68
150007, 4074, 94, -70
151319, 4074, 94, -70
152631, 4072, 93, -71
153944, 4074, 93, -69
155257, 4072, 93, -67
156572, 4072, 93, -68
157888, 4070, 93, -73
159203, 4072, 93, -67
160522, 4072, 93, -68
161835, 4070, 93, -69
163149, 4070, 93, -72
164462, 4068, 93, -77
165779, 4068, 93, -71
167094, 4066, 93, -70
168409, 4068, 93, -71
169725, 4066, 93, -70
171041, 4066, 93, -68
172360, 4066, 93, -69
173674, 4063, 93, -70
174987, 4063, 93, -69
176302, 4063, 92, -69
177618, 4061, 92, -70
178933, 4061, 92, -72
180248, 4061, 92, -74
181567, 4061, 92, -73
182880, 4059, 92, -72
184195, 4057, 92, -74
185509, 4059, 92, -71
186823, 4059, 92, -70
188138, 4059, 92, -71
189456, 4057, 92, -70
190769, 4055, 92, -79
192083, 4057, 92, -70
193396, 4057, 92, -70
194709, 4055, 92, -70
196022, 4055, 92, -75
197336, 4052, 92, -76
198652, 4052, 92, -76
199967, 4050, 91, -73
201281, 4044, 91, -100
202598, 4046, 91, -98
203917, 4048, 91, -79
205231, 4048, 91, -79
206544, 4048, 91, -79
207858, 4048, 91, -76
209173, 4048, 91, -76
210489, 4044, 91, -88
