Qi,Qj,Qk,Qs,,,,,,,,,
-0.003866,0.003122,0.777923,0.628340,,,,,,,,,
-0.003863,0.003135,0.777889,0.628382,,,,,,,,,
-0.003861,0.003138,0.777847,0.628434,,,,,,,,,
-0.003663,0.003168,0.777749,0.628557,,,,,,,,,
-0.003613,0.003099,0.777721,0.628592,,,,,,,,,
-0.003594,0.003201,0.777655,0.628673,,,,,,,,,
-0.003640,0.003199,0.777628,0.628706,,,,,,,,,
-0.003688,0.003197,0.777597,0.628744,,,,,,,,,
-0.003725,0.003196,0.777563,0.628786,,,,,,,,,
-0.003672,0.003142,0.777531,0.628826,,,,,,,,,
-0.003711,0.003153,0.777485,0.628882,,,,,,,,,
-0.003720,0.003159,0.777490,0.628876,,,,,,,,,
-0.003658,0.003173,0.777487,0.628880,,,,,,,,,
-0.003611,0.003176,0.777492,0.628875,,,,,,,,,
-0.003634,0.003173,0.777496,0.628869,,,,,,,,,
-0.003613,0.003240,0.777497,0.628868,,,,,,,,,
-0.003658,0.003220,0.777494,0.628872,,,,,,,,,
-0.003625,0.003147,0.777494,0.628872,,,,,,,,,
-0.003534,0.003165,0.777500,0.628865,,,,,,,,,
-0.003523,0.003100,0.777507,0.628857,,,,,,,,,
-0.003456,0.003120,0.777512,0.628850,,,,,,,,,
-0.003533,0.003122,0.777515,0.628847,,,,,,,,,
-0.003456,0.003132,0.777520,0.628841,,,,,,,,,
-0.003461,0.003073,0.777525,0.628835,,,,,,,,,
-0.003537,0.003084,0.777521,0.628840,,,,,,,,,
-0.003600,0.003093,0.777524,0.628835,,,,,,,,,
-0.003644,0.003107,0.777518,0.628843,,,,,,,,,
-0.003549,0.003130,0.777516,0.628846,,,,,,,,,
-0.003605,0.003133,0.777519,0.628841,,,,,,,,,
-0.003599,0.003201,0.777523,0.628837,,,,,,,,,
-0.003579,0.003124,0.777519,0.628842,,,,,,,,,
-0.003570,0.003201,0.777522,0.628837,,,,,,,,,
-0.003548,0.003131,0.777519,0.628842,,,,,,,,,
-0.003546,0.003207,0.777522,0.628838,,,,,,,,,
-0.003551,0.003260,0.777525,0.628833,,,,,,,,,
-0.003548,0.003312,0.777520,0.628839,,,,,,,,,
-0.003527,0.003229,0.777526,0.628833,,,,,,,,,
-0.003530,0.003285,0.777528,0.628830,,,,,,,,,
-0.003591,0.003257,0.777530,0.628827,,,,,,,,,
-0.003596,0.003306,0.777533,0.628823,,,,,,,,,
-0.003637,0.003268,0.777536,0.628820,,,,,,,,,
-0.003605,0.003183,0.777532,0.628825,,,,,,,,,
-0.003571,0.003109,0.777536,0.628820,,,,,,,,,
-0.003552,0.003055,0.777540,0.628816,,,,,,,,,
-0.003624,0.003069,0.777542,0.628813,,,,,,,,,
-0.003528,0.003090,0.777544,0.628811,,,,,,,,,
-0.003537,0.003165,0.777547,0.628808,,,,,,,,,
-0.003598,0.003160,0.777549,0.628805,,,,,,,,,
-0.003648,0.003157,0.777543,0.628812,,,,,,,,,
-0.003615,0.003094,0.777546,0.628808,,,,,,,,,
-0.003668,0.003095,0.777548,0.628805,,,,,,,,,
-0.003622,0.003038,0.777551,0.628803,,,,,,,,,
-0.003526,0.003065,0.777552,0.628802,,,,,,,,,
-0.003522,0.003012,0.777554,0.628799,,,,,,,,,
-0.003512,0.002976,0.777556,0.628796,,,,,,,,,
-0.003520,0.003095,0.777557,0.628795,,,,,,,,,
-0.003577,0.003097,0.777558,0.628793,,,,,,,,,
-0.003565,0.003173,0.777558,0.628793,,,,,,,,,
-0.003568,0.003232,0.777559,0.628791,,,,,,,,,
-0.003565,0.003289,0.777560,0.628789,,,,,,,,,
-0.003628,0.003253,0.777555,0.628797,,,,,,,,,
-0.003613,0.003305,0.777556,0.628794,,,,,,,,,
-0.003586,0.003214,0.777559,0.628792,,,,,,,,,
-0.003631,0.003194,0.777560,0.628790,,,,,,,,,
-0.003621,0.003249,0.777562,0.628788,,,,,,,,,
-0.003666,0.003228,0.777556,0.628795,,,,,,,,,
-0.003628,0.003138,0.777550,0.628803,,,,,,,,,
-0.003599,0.003079,0.777552,0.628801,,,,,,,,,
-0.003589,0.003164,0.777553,0.628799,,,,,,,,,
-0.003560,0.003094,0.777556,0.628796,,,,,,,,,
-0.003536,0.003037,0.777551,0.628802,,,,,,,,,
-0.003539,0.003131,0.777552,0.628802,,,,,,,,,
-0.003550,0.003213,0.777553,0.628799,,,,,,,,,
-0.003475,0.003199,0.777555,0.628798,,,,,,,,,
-0.003474,0.003128,0.777557,0.628795,,,,,,,,,
-0.003495,0.003196,0.777559,0.628792,,,,,,,,,
-0.003491,0.003126,0.777560,0.628791,,,,,,,,,
-0.003562,0.003129,0.777562,0.628789,,,,,,,,,
-0.003626,0.003137,0.777562,0.628788,,,,,,,,,
-0.003598,0.003079,0.777564,0.628786,,,,,,,,,
-0.003582,0.003024,0.777558,0.628794,,,,,,,,,
-0.003554,0.002981,0.777552,0.628802,,,,,,,,,
-0.003554,0.002951,0.777553,0.628800,,,,,,,,,
-0.003539,0.002928,0.777555,0.628798,,,,,,,,,
-0.003601,0.002968,0.777556,0.628796,,,,,,,,,
-0.003649,0.003000,0.777557,0.628795,,,,,,,,,
-0.003630,0.003100,0.777559,0.628791,,,,,,,,,
-0.003679,0.003099,0.777561,0.628789,,,,,,,,,
-0.003714,0.003107,0.777562,0.628787,,,,,,,,,
-0.003742,0.003113,0.777564,0.628786,,,,,,,,,
-0.003763,0.003118,0.777565,0.628784,,,,,,,,,
-0.003715,0.003055,0.777566,0.628783,,,,,,,,,
-0.003669,0.003146,0.777567,0.628782,,,,,,,,,
-0.003579,0.003151,0.777569,0.628780,,,,,,,,,
-0.003632,0.003149,0.777570,0.628778,,,,,,,,,
-0.003616,0.003220,0.777571,0.628776,,,,,,,,,
-0.003603,0.003278,0.777573,0.628774,,,,,,,,,
-0.003585,0.003184,0.777574,0.628773,,,,,,,,,
-0.003556,0.003110,0.777568,0.628781,,,,,,,,,
-0.003607,0.003110,0.777570,0.628779,,,,,,,,,
-0.003602,0.003181,0.777571,0.628777,,,,,,,,,
-0.003578,0.003114,0.777573,0.628775,,,,,,,,,
-0.003571,0.003178,0.777566,0.628783,,,,,,,,,
-0.003487,0.003193,0.777567,0.628782,,,,,,,,,
-0.003558,0.003170,0.777570,0.628779,,,,,,,,,
-0.003613,0.003150,0.777573,0.628775,,,,,,,,,
-0.003534,0.003154,0.777565,0.628785,,,,,,,,,
-0.003596,0.003151,0.777559,0.628792,,,,,,,,,
-0.003513,0.003163,0.777560,0.628791,,,,,,,,,
-0.003580,0.003159,0.777562,0.628788,,,,,,,,,
-0.003500,0.003170,0.777564,0.628786,,,,,,,,,
-0.003436,0.003178,0.777566,0.628784,,,,,,,,,
-0.003444,0.003112,0.777568,0.628782,,,,,,,,,
-0.003522,0.003104,0.777562,0.628789,,,,,,,,,
-0.003593,0.003103,0.777564,0.628786,,,,,,,,,
-0.003592,0.003190,0.777566,0.628783,,,,,,,,,
-0.003584,0.003254,0.777568,0.628780,,,,,,,,,
-0.003636,0.003232,0.777569,0.628779,,,,,,,,,
-0.003605,0.003155,0.777578,0.628768,,,,,,,,,
-0.003654,0.003152,0.777587,0.628757,,,,,,,,,
-0.001722,0.004549,0.787256,0.616607,,,,,,,,,
-0.001205,0.003850,0.796706,0.604354,,,,,,,,,
-0.001312,0.003131,0.804730,0.593631,,,,,,,,,
-0.002396,0.004129,0.812232,0.583315,,,,,,,,,
-0.002787,0.004465,0.821201,0.570615,,,,,,,,,
-0.003503,0.005503,0.830176,0.557463,,,,,,,,,
-0.003315,0.004078,0.842043,0.539385,,,,,,,,,
-0.002916,0.002905,0.852746,0.522310,,,,,,,,,
-0.003723,0.004155,0.860866,0.508801,,,,,,,,,
-0.004478,0.004474,0.869703,0.493535,,,,,,,,,
-0.004256,0.004731,0.877876,0.478846,,,,,,,,,
-0.003490,0.006725,0.885009,0.465512,,,,,,,,,
-0.003853,0.005976,0.891694,0.452584,,,,,,,,,
-0.002728,0.005087,0.898475,0.438986,,,,,,,,,
-0.003155,0.006213,0.903007,0.429570,,,,,,,,,
-0.005983,0.008395,0.903397,0.428682,,,,,,,,,
-0.007582,0.008446,0.910369,0.413643,,,,,,,,,
-0.005398,0.007814,0.918330,0.395702,,,,,,,,,
-0.005406,0.006646,0.924756,0.380464,,,,,,,,,
-0.003113,0.006196,0.930773,0.365531,,,,,,,,,
-0.005058,0.007974,0.934124,0.356825,,,,,,,,,
-0.004471,0.007444,0.940333,0.340146,,,,,,,,,
-0.002265,0.006131,0.945766,0.324784,,,,,,,,,
-0.001198,0.005561,0.950377,0.311048,,,,,,,,,
-0.000895,0.004834,0.954230,0.299033,,,,,,,,,
-0.001586,0.004721,0.957848,0.287234,,,,,,,,,
-0.001008,0.003835,0.961050,0.276346,,,,,,,,,
0.000117,0.001753,0.962993,0.269520,,,,,,,,,
0.000602,0.000996,0.964143,0.265380,,,,,,,,,
0.000745,0.000739,0.964674,0.263443,,,,,,,,,
0.000006,0.001065,0.964244,0.265013,,,,,,,,,
-0.000137,0.001207,0.963914,0.266212,,,,,,,,,
0.000021,0.001094,0.963426,0.267971,,,,,,,,,
0.000106,0.000864,0.962303,0.271978,,,,,,,,,
-0.000801,0.001804,0.960962,0.276673,,,,,,,,,
-0.001783,0.002384,0.959935,0.280208,,,,,,,,,
-0.002108,0.002756,0.959163,0.282834,,,,,,,,,
-0.001890,0.003049,0.958299,0.285744,,,,,,,,,
-0.001877,0.002887,0.957629,0.287985,,,,,,,,,
-0.001186,0.003826,0.956224,0.292607,,,,,,,,,
-0.001142,0.004356,0.954634,0.297747,,,,,,,,,
-0.000958,0.004097,0.953074,0.302708,,,,,,,,,
0.000659,0.003254,0.950122,0.311861,,,,,,,,,
0.001361,0.002386,0.945955,0.324288,,,,,,,,,
-0.000267,0.002967,0.941957,0.335720,,,,,,,,,
-0.002322,0.003074,0.938207,0.346052,,,,,,,,,
-0.003610,0.004351,0.933734,0.357922,,,,,,,,,
-0.004948,0.005202,0.929194,0.369523,,,,,,,,,
-0.004277,0.004796,0.924075,0.382157,,,,,,,,,
-0.004479,0.003560,0.918793,0.394699,,,,,,,,,
-0.003193,0.002467,0.913463,0.406902,,,,,,,,,
-0.003640,0.001589,0.908302,0.418296,,,,,,,,,
-0.003015,0.002028,0.902872,0.429894,,,,,,,,,
-0.002990,0.001868,0.896014,0.444012,,,,,,,,,
-0.003461,0.002634,0.889375,0.457158,,,,,,,,,
-0.002523,0.001518,0.882546,0.470216,,,,,,,,,
-0.000792,-0.000089,0.874468,0.485082,,,,,,,,,
0.000930,-0.001777,0.863786,0.503855,,,,,,,,,
0.001828,-0.002293,0.830867,0.556464,,,,,,,,,
0.000654,-0.001216,0.814248,0.580516,,,,,,,,,
-0.000599,-0.000407,0.801182,0.598420,,,,,,,,,
-0.001087,0.000611,0.787118,0.616802,,,,,,,,,
-0.000967,-0.000300,0.774303,0.632814,,,,,,,,,
-0.000669,-0.000971,0.760827,0.648954,,,,,,,,,
-0.000294,-0.001448,0.753996,0.656877,,,,,,,,,
-0.000515,-0.001525,0.746120,0.665810,,,,,,,,,
-0.001617,-0.001062,0.738377,0.674386,,,,,,,,,
-0.003734,0.000929,0.733779,0.679377,,,,,,,,,
-0.004618,0.001038,0.731167,0.682182,,,,,,,,,
-0.004191,0.000782,0.726405,0.687254,,,,,,,,,
-0.004326,0.000259,0.719487,0.694492,,,,,,,,,
-0.002546,0.001493,0.703431,0.710757,,,,,,,,,
-0.003614,0.003248,0.702943,0.711230,,,,,,,,,
-0.005065,0.004096,0.695316,0.718675,,,,,,,,,
-0.005209,0.002083,0.697451,0.716611,,,,,,,,,
-0.004620,0.002110,0.692531,0.721370,,,,,,,,,
-0.004652,0.001140,0.687440,0.726226,,,,,,,,,
-0.005029,0.003385,0.684806,0.728701,,,,,,,,,
-0.006323,0.004473,0.685363,0.728161,,,,,,,,,
-0.007334,0.004150,0.685200,0.728307,,,,,,,,,
-0.009468,0.002277,0.676891,0.736019,,,,,,,,,
-0.008599,0.004345,0.665970,0.745916,,,,,,,,,
-0.008792,0.004315,0.658489,0.752527,,,,,,,,,
-0.008696,0.005742,0.658785,0.752259,,,,,,,,,
-0.007483,0.011039,0.653163,0.757100,,,,,,,,,
-0.008170,0.011485,0.658840,0.752151,,,,,,,,,
-0.009543,0.008942,0.661887,0.749489,,,,,,,,,
-0.009940,0.009261,0.659822,0.751300,,,,,,,,,
-0.009486,0.011685,0.658494,0.752436,,,,,,,,,
-0.009324,0.011894,0.661429,0.749856,,,,,,,,,
-0.009255,0.011287,0.664323,0.747303,,,,,,,,,
-0.009053,0.010399,0.665977,0.745844,,,,,,,,,
-0.009113,0.009921,0.665453,0.746318,,,,,,,,,
-0.009709,0.009693,0.664137,0.747485,,,,,,,,,
-0.010185,0.011351,0.665083,0.746614,,,,,,,,,
-0.010660,0.012844,0.667069,0.744809,,,,,,,,,
-0.010829,0.012377,0.670008,0.742172,,,,,,,,,
-0.010057,0.010464,0.669806,0.742394,,,,,,,,,
-0.010757,0.012541,0.671028,0.741248,,,,,,,,,
-0.010226,0.011794,0.671262,0.741056,,,,,,,,,
-0.009824,0.010931,0.672302,0.740131,,,,,,,,,
-0.006857,0.017459,0.682693,0.730465,,,,,,,,,
-0.005243,0.020905,0.700445,0.713381,,,,,,,,,
-0.005248,0.019487,0.718250,0.695492,,,,,,,,,
-0.006364,0.019561,0.732733,0.680205,,,,,,,,,
-0.007812,0.019992,0.748711,0.662549,,,,,,,,,
-0.007674,0.019302,0.762854,0.646237,,,,,,,,,
-0.006641,0.016511,0.775030,0.631674,,,,,,,,,
-0.005105,0.016626,0.787418,0.616174,,,,,,,,,
-0.005620,0.015710,0.800301,0.599366,,,,,,,,,
-0.008040,0.014294,0.814631,0.579748,,,,,,,,,
-0.009479,0.012602,0.828242,0.560148,,,,,,,,,
-0.010527,0.010919,0.836844,0.547232,,,,,,,,,
-0.011846,0.010463,0.847449,0.530642,,,,,,,,,
-0.010862,0.007984,0.854679,0.518982,,,,,,,,,
-0.012506,0.008312,0.860830,0.508671,,,,,,,,,
-0.013040,0.007544,0.868387,0.495658,,,,,,,,,
-0.011227,0.005946,0.876958,0.480399,,,,,,,,,
-0.008453,0.005676,0.881072,0.472873,,,,,,,,,
-0.008895,0.005602,0.882967,0.469317,,,,,,,,,
-0.010400,0.005931,0.886806,0.461987,,,,,,,,,
-0.009709,0.004192,0.889700,0.456423,,,,,,,,,
-0.008102,0.002602,0.890894,0.454132,,,,,,,,,
-0.006908,0.001253,0.893713,0.448584,,,,,,,,,
-0.006553,-0.000125,0.892669,0.450666,,,,,,,,,
-0.006131,-0.002192,0.891221,0.453523,,,,,,,,,
-0.006317,-0.002603,0.888995,0.457866,,,,,,,,,
-0.006446,-0.003004,0.886858,0.461988,,,,,,,,,
-0.006525,-0.003408,0.884877,0.465767,,,,,,,,,
-0.006591,-0.003814,0.882796,0.469694,,,,,,,,,
-0.006302,-0.003034,0.882618,0.470040,,,,,,,,,
-0.005950,-0.002280,0.882434,0.470393,,,,,,,,,
-0.005487,-0.001678,0.882382,0.470499,,,,,,,,,
-0.006076,0.000965,0.882208,0.470820,,,,,,,,,
-0.005900,0.001144,0.882195,0.470846,,,,,,,,,
-0.005760,0.001252,0.882185,0.470867,,,,,,,,,
-0.005638,0.001346,0.882181,0.470875,,,,,,,,,
-0.005505,0.001478,0.882178,0.470883,,,,,,,,,
-0.005319,0.001618,0.882174,0.470891,,,,,,,,,
-0.005083,0.001699,0.882172,0.470898,,,,,,,,,
-0.004965,0.001823,0.882171,0.470900,,,,,,,,,
-0.004777,0.001878,0.882165,0.470913,,,,,,,,,
-0.004704,0.001967,0.882165,0.470913,,,,,,,,,
-0.004509,0.002074,0.882160,0.470924,,,,,,,,,
-0.004486,0.002127,0.882160,0.470923,,,,,,,,,
-0.004471,0.002162,0.882161,0.470921,,,,,,,,,
-0.004376,0.002145,0.882163,0.470920,,,,,,,,,
-0.004383,0.002177,0.882163,0.470918,,,,,,,,,
-0.004300,0.002166,0.882165,0.470917,,,,,,,,,
-0.004237,0.002149,0.882160,0.470926,,,,,,,,,
-0.004269,0.002179,0.882155,0.470934,,,,,,,,,
-0.004296,0.002204,0.882156,0.470932,,,,,,,,,
-0.004313,0.002234,0.882157,0.470930,,,,,,,,,
-0.004326,0.002257,0.882158,0.470928,,,,,,,,,
-0.004333,0.002262,0.882159,0.470926,,,,,,,,,
-0.004263,0.002227,0.882155,0.470935,,,,,,,,,
-0.004079,0.002237,0.882157,0.470933,,,,,,,,,
-0.004143,0.002252,0.882158,0.470931,,,,,,,,,
-0.004193,0.002263,0.882158,0.470929,,,,,,,,,
-0.004234,0.002272,0.882154,0.470937,,,,,,,,,
-0.004258,0.002275,0.882155,0.470935,,,,,,,,,
-0.004199,0.002247,0.882150,0.470944,,,,,,,,,
-0.004242,0.002273,0.882151,0.470942,,,,,,,,,
-0.004186,0.002245,0.882152,0.470940,,,,,,,,,
-0.004135,0.002231,0.882154,0.470938,,,,,,,,,
-0.004129,0.002334,0.882155,0.470936,,,,,,,,,
-0.004182,0.002329,0.882156,0.470933,,,,,,,,,
-0.004211,0.002330,0.882157,0.470931,,,,,,,,,
-0.004117,0.002375,0.882158,0.470929,,,,,,,,,
-0.004076,0.002322,0.882159,0.470928,,,,,,,,,
-0.004134,0.002329,0.882160,0.470926,,,,,,,,,
-0.004099,0.002291,0.882161,0.470924,,,,,,,,,
-0.004163,0.002308,0.882162,0.470922,,,,,,,,,
-0.004196,0.002313,0.882163,0.470920,,,,,,,,,
-0.004231,0.002321,0.882164,0.470918,,,,,,,,,
-0.004260,0.002328,0.882165,0.470916,,,,,,,,,
-0.004280,0.002343,0.882166,0.470914,,,,,,,,,
-0.004299,0.002345,0.882166,0.470912,,,,,,,,,
-0.004232,0.002303,0.882168,0.470911,,,,,,,,,
-0.004168,0.002263,0.882169,0.470909,,,,,,,,,
-0.004215,0.002273,0.882164,0.470918,,,,,,,,,
-0.004331,0.002311,0.882165,0.470916,,,,,,,,,
-0.004345,0.002311,0.882165,0.470914,,,,,,,,,
-0.004349,0.002307,0.882161,0.470923,,,,,,,,,
-0.004278,0.002264,0.882162,0.470921,,,,,,,,,
-0.004215,0.002237,0.882163,0.470919,,,,,,,,,
-0.004207,0.002335,0.882159,0.470928,,,,,,,,,
-0.004241,0.002339,0.882160,0.470926,,,,,,,,,
-0.004180,0.002285,0.882161,0.470924,,,,,,,,,
-0.004136,0.002255,0.882162,0.470922,,,,,,,,,
-0.004188,0.002266,0.882163,0.470920,,,,,,,,,
-0.004221,0.002292,0.882164,0.470918,,,,,,,,,
-0.004252,0.002305,0.882165,0.470916,,,,,,,,,
-0.004153,0.002345,0.882166,0.470914,,,,,,,,,
-0.004113,0.002303,0.882167,0.470913,,,,,,,,,
-0.004078,0.002256,0.882163,0.470922,,,,,,,,,
-0.004128,0.002271,0.882164,0.470920,,,,,,,,,
-0.004264,0.002323,0.882164,0.470917,,,,,,,,,
-0.004209,0.002277,0.882165,0.470916,,,,,,,,,
-0.004164,0.002240,0.882166,0.470914,,,,,,,,,
-0.004219,0.002258,0.882167,0.470912,,,,,,,,,
-0.004246,0.002264,0.882168,0.470910,,,,,,,,,
-0.004360,0.002318,0.882169,0.470908,,,,,,,,,
-0.004281,0.002259,0.882170,0.470906,,,,,,,,,
-0.004170,0.002305,0.882171,0.470904,,,,,,,,,
-0.004118,0.002266,0.882173,0.470903,,,,,,,,,
-0.004173,0.002275,0.882173,0.470901,,,,,,,,,
-0.004218,0.002283,0.882168,0.470910,,,,,,,,,
-0.004222,0.002256,0.882152,0.470940,,,,,,,,,
-0.004663,0.001970,0.881416,0.472314,,,,,,,,,
-0.004562,0.001940,0.880667,0.473709,,,,,,,,,
-0.005154,0.001104,0.880025,0.474899,,,,,,,,,
-0.007698,-0.000589,0.878819,0.477093,,,,,,,,,
-0.009112,-0.002531,0.877853,0.478837,,,,,,,,,
-0.010203,-0.005546,0.876743,0.480819,,,,,,,,,
-0.012742,-0.006684,0.875461,0.483075,,,,,,,,,
-0.013333,-0.006966,0.875183,0.483558,,,,,,,,,
-0.013415,-0.007360,0.867756,0.496754,,,,,,,,,
-0.014484,-0.006680,0.860394,0.509380,,,,,,,,,
-0.014508,-0.004927,0.853887,0.520232,,,,,,,,,
-0.013503,-0.003294,0.848155,0.529566,,,,,,,,,
-0.012667,-0.001679,0.843095,0.537613,,,,,,,,,
-0.012959,0.000554,0.838870,0.544178,,,,,,,,,
-0.013615,0.002272,0.834856,0.550295,,,,,,,,,
-0.014752,0.003561,0.831013,0.556046,,,,,,,,,
-0.015162,0.004129,0.827534,0.561196,,,,,,,,,
-0.015338,0.004408,0.824160,0.566132,,,,,,,,,
-0.015863,0.005478,0.823574,0.566961,,,,,,,,,
-0.016712,0.006778,0.823148,0.567540,,,,,,,,,
-0.017738,0.007271,0.822585,0.568319,,,,,,,,,
-0.019095,0.007401,0.822411,0.568525,,,,,,,,,
-0.019311,0.007540,0.822631,0.568198,,,,,,,,,
-0.018359,0.007767,0.822770,0.568026,,,,,,,,,
-0.017576,0.007945,0.822525,0.568402,,,,,,,,,
-0.017739,0.008729,0.822240,0.568798,,,,,,,,,
-0.017277,0.009500,0.822345,0.568647,,,,,,,,,
-0.015917,0.011298,0.822521,0.568400,,,,,,,,,
-0.014130,0.013788,0.822761,0.568045,,,,,,,,,
-0.011871,0.015136,0.820494,0.571331,,,,,,,,,
-0.009929,0.016730,0.818394,0.574328,,,,,,,,,
-0.007235,0.019726,0.818641,0.573921,,,,,,,,,
-0.003939,0.023567,0.818744,0.573662,,,,,,,,,
0.001084,0.029072,0.818587,0.573645,,,,,,,,,
0.007060,0.034648,0.814934,0.578474,,,,,,,,,
0.013566,0.039908,0.812199,0.581856,,,,,,,,,
0.021544,0.046964,0.809512,0.584826,,,,,,,,,
0.030937,0.053564,0.807318,0.586866,,,,,,,,,
0.039379,0.059595,0.804800,0.589233,,,,,,,,,
0.046537,0.066219,0.801071,0.593072,,,,,,,,,
0.054356,0.072634,0.797804,0.596052,,,,,,,,,
0.061384,0.078787,0.796233,0.596689,,,,,,,,,
0.068380,0.087054,0.792680,0.599504,,,,,,,,,
0.076126,0.097481,0.786207,0.605460,,,,,,,,,
0.084260,0.108716,0.780863,0.609372,,,,,,,,,
0.093258,0.121008,0.777241,0.610374,,,,,,,,,
0.103156,0.135185,0.774020,0.609899,,,,,,,,,
0.115025,0.151405,0.771182,0.607556,,,,,,,,,
0.126262,0.162302,0.770562,0.603283,,,,,,,,,
0.133761,0.171514,0.768228,0.602094,,,,,,,,,
0.141645,0.179195,0.766226,0.600603,,,,,,,,,
0.150222,0.186091,0.765071,0.597888,,,,,,,,,
0.158138,0.192460,0.763679,0.595605,,,,,,,,,
0.166441,0.197477,0.762423,0.593305,,,,,,,,,
0.176620,0.205067,0.760264,0.590553,,,,,,,,,
0.187940,0.215708,0.756520,0.588069,,,,,,,,,
0.198497,0.225509,0.752518,0.586056,,,,,,,,,
0.206365,0.232071,0.751077,0.582615,,,,,,,,,
0.211869,0.238077,0.748599,0.581404,,,,,,,,,
0.219024,0.242983,0.746097,0.579938,,,,,,,,,
0.226324,0.246351,0.745115,0.576968,,,,,,,,,
0.230568,0.247497,0.744345,0.575790,,,,,,,,,
0.232630,0.249437,0.742098,0.577023,,,,,,,,,
0.231775,0.250753,0.741249,0.577887,,,,,,,,,
0.231098,0.251401,0.740990,0.578209,,,,,,,,,
0.231924,0.251540,0.741270,0.577458,,,,,,,,,
0.233658,0.250495,0.742766,0.575287,,,,,,,,,
0.234197,0.249297,0.743691,0.574393,,,,,,,,,
0.232981,0.246955,0.745323,0.573783,,,,,,,,,
0.229106,0.244548,0.746958,0.574247,,,,,,,,,
0.224970,0.241570,0.748695,0.574881,,,,,,,,,
0.221916,0.238562,0.750516,0.574950,,,,,,,,,
0.218840,0.234567,0.751910,0.575950,,,,,,,,,
0.211415,0.230998,0.752591,0.579267,,,,,,,,,
0.203258,0.226160,0.754848,0.581156,,,,,,,,,
0.196591,0.219904,0.757931,0.581837,,,,,,,,,
0.188068,0.214449,0.759654,0.584438,,,,,,,,,
0.178787,0.209173,0.761495,0.586862,,,,,,,,,
0.172052,0.202980,0.762371,0.589905,,,,,,,,,
0.165288,0.196454,0.762298,0.594127,,,,,,,,,
0.156897,0.189642,0.763112,0.597561,,,,,,,,,
0.147918,0.180804,0.766305,0.598504,,,,,,,,,
0.138615,0.170268,0.768040,0.601588,,,,,,,,,
0.130621,0.163212,0.767242,0.606333,,,,,,,,,
0.124318,0.156860,0.767115,0.609488,,,,,,,,,
0.119903,0.147177,0.766645,0.613366,,,,,,,,,
0.109453,0.135618,0.765861,0.618939,,,,,,,,,
0.095175,0.122202,0.767091,0.622559,,,,,,,,,
0.078983,0.106266,0.768752,0.625692,,,,,,,,,
0.059705,0.087415,0.769027,0.630389,,,,,,,,,
0.041272,0.068710,0.769110,0.634071,,,,,,,,,
0.026890,0.052557,0.768937,0.636593,,,,,,,,,
0.019392,0.039618,0.766621,0.640583,,,,,,,,,
0.008496,0.023973,0.765073,0.643441,,,,,,,,,
-0.005619,0.007409,0.762638,0.646759,,,,,,,,,
-0.016671,-0.002851,0.760689,0.648896,,,,,,,,,
-0.026342,-0.012911,0.759562,0.649772,,,,,,,,,
-0.039053,-0.024327,0.758837,0.649654,,,,,,,,,
-0.053601,-0.035275,0.758836,0.648113,,,,,,,,,
-0.069276,-0.045881,0.758926,0.645854,,,,,,,,,
-0.085935,-0.056441,0.758114,0.643967,,,,,,,,,
-0.103166,-0.065555,0.756205,0.642817,,,,,,,,,
-0.120885,-0.076106,0.753197,0.642098,,,,,,,,,
-0.138532,-0.087579,0.749296,0.641634,,,,,,,,,
-0.148806,-0.094729,0.745737,0.642464,,,,,,,,,
-0.157552,-0.102424,0.741760,0.643800,,,,,,,,,
-0.165493,-0.108857,0.737363,0.645801,,,,,,,,,
-0.171372,-0.111596,0.734046,0.647576,,,,,,,,,
-0.177332,-0.114704,0.731363,0.648463,,,,,,,,,
-0.186447,-0.123323,0.727215,0.648989,,,,,,,,,
-0.198496,-0.134405,0.722673,0.648289,,,,,,,,,
-0.209445,-0.146153,0.718513,0.646924,,,,,,,,,
-0.216604,-0.156741,0.714419,0.646623,,,,,,,,,
-0.219882,-0.161154,0.712376,0.646686,,,,,,,,,
-0.221479,-0.162256,0.711209,0.647149,,,,,,,,,
-0.225054,-0.166893,0.708392,0.647826,,,,,,,,,
-0.232710,-0.175177,0.703554,0.648206,,,,,,,,,
-0.237879,-0.178870,0.702068,0.646931,,,,,,,,,
-0.239098,-0.181421,0.702242,0.645581,,,,,,,,,
-0.236327,-0.179431,0.704784,0.644386,,,,,,,,,
-0.231792,-0.174530,0.707988,0.643867,,,,,,,,,
-0.228056,-0.173005,0.708635,0.644900,,,,,,,,,
-0.224839,-0.172537,0.709673,0.645013,,,,,,,,,
-0.220671,-0.170784,0.712139,0.644201,,,,,,,,,
-0.215842,-0.165888,0.715737,0.643128,,,,,,,,,
-0.207643,-0.156570,0.720667,0.642658,,,,,,,,,
-0.197448,-0.148295,0.726716,0.641020,,,,,,,,,
-0.186122,-0.141481,0.732426,0.639448,,,,,,,,,
-0.177372,-0.138071,0.736708,0.637759,,,,,,,,,
-0.168705,-0.133567,0.740844,0.636277,,,,,,,,,
-0.158915,-0.126051,0.745279,0.635150,,,,,,,,,
-0.145917,-0.115469,0.750462,0.634179,,,,,,,,,
-0.129945,-0.102595,0.755714,0.633629,,,,,,,,,
-0.111297,-0.090862,0.760711,0.632990,,,,,,,,,
-0.095919,-0.080530,0.765121,0.631588,,,,,,,,,
-0.082018,-0.072467,0.769701,0.628953,,,,,,,,,
-0.069467,-0.063862,0.774461,0.625545,,,,,,,,,
-0.058045,-0.050759,0.778300,0.623140,,,,,,,,,
-0.047515,-0.035769,0.781971,0.620471,,,,,,,,,
-0.037331,-0.027384,0.786771,0.615506,,,,,,,,,
-0.030643,-0.021128,0.790289,0.611603,,,,,,,,,
-0.024741,-0.015933,0.793179,0.608277,,,,,,,,,
-0.020082,-0.010289,0.794536,0.606797,,,,,,,,,
-0.016085,-0.005861,0.795714,0.605431,,,,,,,,,
-0.014339,-0.002575,0.795822,0.605355,,,,,,,,,
-0.012660,-0.000902,0.795156,0.606272,,,,,,,,,
-0.009807,-0.000167,0.794398,0.607319,,,,,,,,,
-0.005955,0.000081,0.794137,0.607710,,,,,,,,,
-0.005138,0.002068,0.792365,0.610022,,,,,,,,,
-0.004790,0.004068,0.791029,0.611746,,,,,,,,,
-0.004068,0.004252,0.790973,0.611823,,,,,,,,,
-0.003877,0.003396,0.791149,0.611602,,,,,,,,,
-0.004873,0.003750,0.791250,0.611463,,,,,,,,,
-0.005548,0.003722,0.791804,0.610739,,,,,,,,,
-0.005873,0.004534,0.792564,0.609743,,,,,,,,,
-0.006214,0.005608,0.793865,0.608037,,,,,,,,,
-0.007036,0.007955,0.794778,0.606808,,,,,,,,,
-0.004807,0.007721,0.796565,0.604485,,,,,,,,,
-0.004190,0.008083,0.797248,0.603584,,,,,,,,,
-0.002135,0.007702,0.798653,0.601739,,,,,,,,,
-0.001580,0.006669,0.799152,0.601089,,,,,,,,,
-0.002318,0.006555,0.798811,0.601542,,,,,,,,,
-0.003097,0.007159,0.798179,0.602370,,,,,,,,,
-0.003234,0.007604,0.797522,0.603233,,,,,,,,,
-0.003064,0.008060,0.796252,0.604904,,,,,,,,,
-0.003900,0.009041,0.794764,0.606839,,,,,,,,,
-0.004457,0.009981,0.794043,0.607763,,,,,,,,,
-0.004761,0.011165,0.793256,0.608768,,,,,,,,,
-0.005727,0.012707,0.792531,0.609673,,,,,,,,,
-0.006304,0.013930,0.792132,0.610158,,,,,,,,,
-0.006330,0.014690,0.791656,0.610758,,,,,,,,,
-0.006092,0.015441,0.790977,0.611620,,,,,,,,,
-0.005336,0.015385,0.790647,0.612056,,,,,,,,,
-0.005406,0.015695,0.790567,0.612151,,,,,,,,,
-0.005351,0.015733,0.790570,0.612147,,,,,,,,,
-0.005604,0.016026,0.790561,0.612148,,,,,,,,,
-0.005353,0.016880,0.790957,0.611615,,,,,,,,,
-0.004758,0.017256,0.791197,0.611299,,,,,,,,,
-0.004820,0.016768,0.790985,0.611586,,,,,,,,,
-0.004703,0.016209,0.791032,0.611542,,,,,,,,,
-0.003733,0.015576,0.790856,0.611793,,,,,,,,,
-0.004584,0.015761,0.790796,0.611860,,,,,,,,,
-0.005201,0.016003,0.790710,0.611960,,,,,,,,,
-0.004570,0.015807,0.790997,0.611599,,,,,,,,,
-0.004249,0.014659,0.791523,0.610949,,,,,,,,,
-0.005004,0.014010,0.791510,0.610975,,,,,,,,,
-0.005152,0.014013,0.791396,0.611121,,,,,,,,,
-0.005279,0.013620,0.791108,0.611503,,,,,,,,,
-0.006144,0.013766,0.790844,0.611832,,,,,,,,,
-0.006477,0.013794,0.790900,0.611756,,,,,,,,,
-0.006581,0.013554,0.790733,0.611976,,,,,,,,,
-0.006418,0.012689,0.790325,0.612523,,,,,,,,,
-0.006490,0.011916,0.790241,0.612647,,,,,,,,,
-0.006899,0.011540,0.790074,0.612864,,,,,,,,,
-0.006769,0.010999,0.790029,0.612934,,,,,,,,,
-0.006842,0.010571,0.789961,0.613028,,,,,,,,,
-0.006856,0.010179,0.789908,0.613103,,,,,,,,,
-0.006831,0.009754,0.789871,0.613157,,,,,,,,,
-0.006784,0.009393,0.789871,0.613163,,,,,,,,,
-0.006330,0.008809,0.789842,0.613215,,,,,,,,,
-0.006267,0.008348,0.789619,0.613509,,,,,,,,,
-0.006153,0.007972,0.789426,0.613764,,,,,,,,,
-0.005770,0.007471,0.789202,0.614061,,,,,,,,,
-0.005558,0.007025,0.789124,0.614168,,,,,,,,,
-0.005036,0.006385,0.789127,0.614176,,,,,,,,,
-0.004583,0.005677,0.789124,0.614191,,,,,,,,,
-0.004327,0.005093,0.789113,0.614212,,,,,,,,,
-0.001678,0.005726,0.789882,0.613231,,,,,,,,,
-0.001990,0.005207,0.789936,0.613165,,,,,,,,,
-0.002089,0.005029,0.789940,0.613159,,,,,,,,,
-0.002131,0.006038,0.790146,0.612885,,,,,,,,,
-0.002267,0.005320,0.790212,0.612807,,,,,,,,,
-0.002351,0.005182,0.790200,0.612823,,,,,,,,,
-0.002443,0.005015,0.790210,0.612811,,,,,,,,,
-0.002542,0.004886,0.790219,0.612800,,,,,,,,,
-0.002707,0.004668,0.790221,0.612798,,,,,,,,,
-0.002908,0.004403,0.790230,0.612788,,,,,,,,,
-0.003031,0.004239,0.790235,0.612782,,,,,,,,,
-0.003072,0.004037,0.790231,0.612788,,,,,,,,,
-0.003178,0.003923,0.790227,0.612794,,,,,,,,,
-0.003338,0.003886,0.790228,0.612791,,,,,,,,,
-0.003448,0.003733,0.790231,0.612788,,,,,,,,,
-0.003406,0.003624,0.790233,0.612787,,,,,,,,,
-0.003444,0.003579,0.790234,0.612785,,,,,,,,,
-0.003403,0.003498,0.790236,0.612783,,,,,,,,,
-0.003362,0.003427,0.790237,0.612782,,,,,,,,,
-0.003394,0.003301,0.790231,0.612790,,,,,,,,,
-0.003500,0.003248,0.790232,0.612789,,,,,,,,,
-0.003529,0.003281,0.790234,0.612787,,,,,,,,,
-0.003529,0.003182,0.790235,0.612785,,,,,,,,,
-0.003529,0.003101,0.790236,0.612784,,,,,,,,,
-0.003521,0.003031,0.790230,0.612792,,,,,,,,,
-0.003465,0.003054,0.790232,0.612791,,,,,,,,,
-0.003426,0.003065,0.790233,0.612789,,,,,,,,,
-0.003455,0.003134,0.790234,0.612787,,,,,,,,,
-0.003475,0.003055,0.790236,0.612786,,,,,,,,,
-0.003560,0.003057,0.790237,0.612784,,,,,,,,,
-0.003497,0.003076,0.790238,0.612782,,,,,,,,,
-0.003584,0.003066,0.790232,0.612790,,,,,,,,,
-0.003574,0.003008,0.790233,0.612789,,,,,,,,,
-0.003640,0.003019,0.790234,0.612787,,,,,,,,,
-0.003695,0.003029,0.790235,0.612786,,,,,,,,,
-0.003737,0.003035,0.790236,0.612784,,,,,,,,,
-0.003634,0.003065,0.790237,0.612782,,,,,,,,,
-0.003631,0.003139,0.790239,0.612780,,,,,,,,,
-0.003612,0.003067,0.790240,0.612779,,,,,,,,,
-0.003614,0.003142,0.790234,0.612787,,,,,,,,,
-0.003590,0.003063,0.790235,0.612786,,,,,,,,,
-0.003659,0.003055,0.790236,0.612784,,,,,,,,,
-0.003709,0.003057,0.790237,0.612782,,,,,,,,,
-0.003756,0.003051,0.790238,0.612781,,,,,,,,,
-0.003662,0.003062,0.790240,0.612779,,,,,,,,,
-0.003646,0.003131,0.790241,0.612777,,,,,,,,,
-0.003641,0.003193,0.790243,0.612775,,,,,,,,,
-0.003643,0.003236,0.790244,0.612773,,,,,,,,,
-0.003563,0.003220,0.790245,0.612772,,,,,,,,,
-0.003623,0.003184,0.790246,0.612770,,,,,,,,,
-0.003629,0.003228,0.790248,0.612769,,,,,,,,,
-0.003554,0.003215,0.790249,0.612767,,,,,,,,,
-0.003492,0.003204,0.790250,0.612766,,,,,,,,,
-0.003572,0.003164,0.790251,0.612764,,,,,,,,,
-0.003514,0.003168,0.790253,0.612763,,,,,,,,,
-0.003458,0.003151,0.790254,0.612761,,,,,,,,,
-0.003464,0.003071,0.790255,0.612760,,,,,,,,,
-0.003477,0.003012,0.790249,0.612769,,,,,,,,,
-0.003495,0.003090,0.790250,0.612767,,,,,,,,,
-0.003524,0.003151,0.790251,0.612765,,,,,,,,,
-0.003541,0.003196,0.790252,0.612763,,,,,,,,,
-0.003620,0.003163,0.790246,0.612771,,,,,,,,,
-0.003594,0.003080,0.790247,0.612770,,,,,,,,,
-0.003575,0.003014,0.790241,0.612779,,,,,,,,,
-0.003565,0.002952,0.790235,0.612787,,,,,,,,,
-0.003513,0.002975,0.790229,0.612795,,,,,,,,,
-0.003515,0.002708,0.790185,0.612852,,,,,,,,,
-0.003863,0.003470,0.788960,0.614423,,,,,,,,,
-0.003456,0.002822,0.787659,0.616095,,,,,,,,,
-0.003153,0.002517,0.786509,0.617565,,,,,,,,,
-0.002839,0.001650,0.785653,0.618658,,,,,,,,,
-0.003853,0.000109,0.784659,0.619915,,,,,,,,,
-0.007038,-0.001417,0.783615,0.621205,,,,,,,,,
-0.009083,-0.002588,0.782669,0.622367,,,,,,,,,
-0.009104,-0.003329,0.781497,0.623833,,,,,,,,,
-0.007864,-0.003631,0.781208,0.624211,,,,,,,,,
-0.004682,-0.003310,0.781008,0.624495,,,,,,,,,
-0.002576,-0.001025,0.780798,0.624777,,,,,,,,,
-0.001579,0.001445,0.780264,0.625446,,,,,,,,,
-0.001489,0.004103,0.780217,0.625493,,,,,,,,,
-0.001473,0.005590,0.780499,0.625130,,,,,,,,,
-0.001268,0.006665,0.780808,0.624735,,,,,,,,,
-0.000807,0.008154,0.780770,0.624765,,,,,,,,,
-0.000506,0.009568,0.780373,0.625241,,,,,,,,,
-0.000272,0.010937,0.780386,0.625202,,,,,,,,,
-0.000725,0.011933,0.780470,0.625079,,,,,,,,,
-0.002850,0.013018,0.780563,0.624935,,,,,,,,,
-0.004053,0.012964,0.780735,0.624714,,,,,,,,,
-0.005539,0.013581,0.780577,0.624888,,,,,,,,,
-0.007073,0.014886,0.780623,0.624785,,,,,,,,,
-0.008563,0.016203,0.780988,0.624278,,,,,,,,,
-0.011948,0.018734,0.781474,0.623542,,,,,,,,,
-0.018402,0.024520,0.781624,0.622995,,,,,,,,,
-0.024550,0.030276,0.781289,0.622952,,,,,,,,,
-0.027161,0.033136,0.781680,0.622206,,,,,,,,,
-0.029479,0.036153,0.781611,0.622019,,,,,,,,,
-0.035178,0.042542,0.780927,0.622179,,,,,,,,,
-0.042979,0.051770,0.780572,0.621435,,,,,,,,,
-0.049302,0.059084,0.779723,0.621377,,,,,,,,,
-0.058469,0.066469,0.777295,0.622877,,,,,,,,,
-0.069283,0.074575,0.774295,0.624585,,,,,,,,,
-0.080032,0.082069,0.771389,0.625954,,,,,,,,,
-0.092782,0.089899,0.767760,0.627578,,,,,,,,,
-0.104669,0.097807,0.765149,0.627715,,,,,,,,,
-0.115854,0.104959,0.762734,0.627533,,,,,,,,,
-0.127703,0.112940,0.760210,0.626910,,,,,,,,,
-0.137896,0.121639,0.758602,0.625069,,,,,,,,,
-0.150029,0.131035,0.756157,0.623336,,,,,,,,,
-0.162425,0.139776,0.753738,0.621256,,,,,,,,,
-0.173480,0.147360,0.752100,0.618494,,,,,,,,,
-0.184120,0.155071,0.750771,0.615139,,,,,,,,,
-0.194779,0.162954,0.749080,0.611871,,,,,,,,,
-0.207399,0.171855,0.746498,0.608434,,,,,,,,,
-0.217361,0.178151,0.745224,0.604696,,,,,,,,,
-0.226509,0.183959,0.744398,0.600603,,,,,,,,,
-0.241719,0.191603,0.739788,0.597975,,,,,,,,,
-0.256105,0.197987,0.736483,0.593973,,,,,,,,,
-0.269241,0.203313,0.733725,0.589763,,,,,,,,,
-0.274921,0.207838,0.734915,0.584056,,,,,,,,,
-0.278691,0.212911,0.735680,0.579461,,,,,,,,,
-0.286023,0.218546,0.733821,0.576138,,,,,,,,,
-0.297380,0.223314,0.730455,0.572828,,,,,,,,,
-0.308701,0.226624,0.728033,0.568607,,,,,,,,,
-0.313834,0.229014,0.728715,0.563946,,,,,,,,,
-0.314049,0.230830,0.730067,0.561332,,,,,,,,,
-0.314972,0.232712,0.730090,0.560006,,,,,,,,,
-0.316369,0.234338,0.729735,0.559002,,,,,,,,,
-0.317089,0.233662,0.730501,0.557876,,,,,,,,,
-0.317872,0.232119,0.731294,0.557035,,,,,,,,,
-0.319553,0.230668,0.731837,0.555961,,,,,,,,,
-0.320331,0.230145,0.732924,0.554295,,,,,,,,,
-0.319890,0.229752,0.733969,0.553330,,,,,,,,,
-0.318288,0.228519,0.735677,0.552495,,,,,,,,,
-0.317331,0.226443,0.737415,0.551584,,,,,,,,,
-0.317292,0.224431,0.738915,0.550419,,,,,,,,,
-0.317083,0.222006,0.740430,0.549487,,,,,,,,,
-0.315974,0.219730,0.741951,0.548988,,,,,,,,,
-0.315386,0.219392,0.742630,0.548544,,,,,,,,,
-0.313845,0.218371,0.743728,0.548347,,,,,,,,,
-0.309929,0.215783,0.745460,0.549246,,,,,,,,,
-0.304538,0.210016,0.747676,0.551480,,,,,,,,,
-0.296868,0.203508,0.750731,0.553947,,,,,,,,,
-0.285491,0.195573,0.755584,0.556183,,,,,,,,,
-0.272169,0.187075,0.761048,0.558331,,,,,,,,,
-0.258007,0.178446,0.766005,0.561093,,,,,,,,,
-0.242636,0.168336,0.770455,0.564969,,,,,,,,,
-0.222207,0.156507,0.775235,0.570211,,,,,,,,,
-0.200500,0.147126,0.778886,0.575753,,,,,,,,,
-0.187535,0.139132,0.780892,0.579379,,,,,,,,,
-0.175102,0.130974,0.782470,0.583031,,,,,,,,,
-0.160929,0.121248,0.785080,0.585706,,,,,,,,,
-0.144950,0.111636,0.788368,0.587370,,,,,,,,,
-0.127390,0.101462,0.792615,0.587571,,,,,,,,,
-0.108048,0.090563,0.797945,0.586010,,,,,,,,,
-0.092579,0.078854,0.802482,0.584153,,,,,,,,,
-0.076466,0.067744,0.805259,0.584056,,,,,,,,,
-0.057389,0.054800,0.807400,0.584644,,,,,,,,,
-0.035039,0.041082,0.809188,0.585064,,,,,,,,,
-0.014464,0.024892,0.811835,0.583177,,,,,,,,,
0.014608,0.006053,0.815271,0.578864,,,,,,,,,
0.043916,-0.013673,0.817824,0.573627,,,,,,,,,
0.070488,-0.032323,0.818056,0.569887,,,,,,,,,
0.097225,-0.049004,0.816549,0.566915,,,,,,,,,
0.124009,-0.066708,0.814470,0.562859,,,,,,,,,
0.146381,-0.080368,0.810427,0.561535,,,,,,,,,
0.165901,-0.091503,0.806611,0.559895,,,,,,,,,
0.190715,-0.108788,0.802413,0.554911,,,,,,,,,
0.218183,-0.131619,0.796275,0.548652,,,,,,,,,
0.238354,-0.143465,0.789553,0.547002,,,,,,,,,
0.254752,-0.152395,0.783561,0.545810,,,,,,,,,
0.266987,-0.159149,0.778274,0.545600,,,,,,,,,
0.281881,-0.170611,0.771601,0.544120,,,,,,,,,
0.296429,-0.182912,0.764139,0.542922,,,,,,,,,
0.310492,-0.191503,0.756712,0.542502,,,,,,,,,
0.323256,-0.199047,0.749418,0.542456,,,,,,,,,
0.332070,-0.201172,0.743634,0.544305,,,,,,,,,
0.337988,-0.202438,0.739910,0.545267,,,,,,,,,
0.347955,-0.207985,0.734549,0.544157,,,,,,,,,
0.353113,-0.210961,0.730553,0.545068,,,,,,,,,
0.357353,-0.212453,0.727196,0.546214,,,,,,,,,
0.362967,-0.215630,0.723863,0.545694,,,,,,,,,
0.368203,-0.218023,0.720432,0.545775,,,,,,,,,
0.368680,-0.217072,0.718973,0.547752,,,,,,,,,
0.366043,-0.214027,0.719974,0.549403,,,,,,,,,
0.363624,-0.211415,0.721039,0.550621,,,,,,,,,
0.359519,-0.208893,0.722936,0.551792,,,,,,,,,
0.358072,-0.208118,0.723796,0.551897,,,,,,,,,
0.358839,-0.207841,0.723828,0.551462,,,,,,,,,
0.360176,-0.206945,0.723535,0.551312,,,,,,,,,
0.357203,-0.203069,0.724719,0.553129,,,,,,,,,
0.351272,-0.196962,0.726621,0.556629,,,,,,,,,
0.340840,-0.190174,0.730033,0.560994,,,,,,,,,
0.328412,-0.184463,0.734581,0.564366,,,,,,,,,
0.320150,-0.178879,0.737773,0.566742,,,,,,,,,
0.314821,-0.173725,0.739869,0.568596,,,,,,,,,
0.307673,-0.165515,0.741785,0.572448,,,,,,,,,
0.295093,-0.153196,0.744357,0.579124,,,,,,,,,
0.277099,-0.138833,0.747842,0.587090,,,,,,,,,
0.255726,-0.126539,0.752402,0.593703,,,,,,,,,
0.231573,-0.114870,0.757212,0.599840,,,,,,,,,
0.205781,-0.103722,0.761166,0.606237,,,,,,,,,
0.184437,-0.094167,0.764018,0.611058,,,,,,,,,
0.169020,-0.086964,0.766623,0.613318,,,,,,,,,
0.153885,-0.079570,0.768380,0.616101,,,,,,,,,
0.133783,-0.070829,0.769675,0.620231,,,,,,,,,
0.116644,-0.063135,0.771604,0.622122,,,,,,,,,
0.100645,-0.054679,0.772396,0.624728,,,,,,,,,
0.083617,-0.045390,0.772872,0.627388,,,,,,,,,
0.065121,-0.035729,0.772924,0.630136,,,,,,,,,
0.048013,-0.027102,0.774250,0.630474,,,,,,,,,
0.032759,-0.020558,0.776057,0.629476,,,,,,,,,
0.019235,-0.014965,0.777995,0.627798,,,,,,,,,
0.008759,-0.011124,0.778700,0.627237,,,,,,,,,
-0.000248,-0.007441,0.778829,0.627193,,,,,,,,,
-0.008416,-0.002714,0.778709,0.627323,,,,,,,,,
-0.010671,0.002675,0.779920,0.625782,,,,,,,,,
-0.010786,0.004998,0.781781,0.623440,,,,,,,,,
-0.010897,0.005104,0.783846,0.620838,,,,,,,,,
-0.012626,0.005751,0.784812,0.619579,,,,,,,,,
-0.014471,0.006742,0.785861,0.618198,,,,,,,,,
-0.014741,0.008105,0.787142,0.616542,,,,,,,,,
-0.011221,0.007938,0.788661,0.614675,,,,,,,,,
-0.007669,0.007136,0.789728,0.613367,,,,,,,,,
-0.004496,0.005389,0.790309,0.612668,,,,,,,,,
-0.001268,0.002669,0.790000,0.613099,,,,,,,,,
-0.001121,0.001706,0.788613,0.614886,,,,,,,,,
0.000291,-0.000391,0.787897,0.615807,,,,,,,,,
0.001737,-0.001399,0.787539,0.616261,,,,,,,,,
0.002429,-0.002543,0.787095,0.616822,,,,,,,,,
0.003135,-0.004113,0.786863,0.617106,,,,,,,,,
0.001991,-0.005249,0.786051,0.618136,,,,,,,,,
-0.001202,-0.005629,0.785308,0.619078,,,,,,,,,
-0.001149,-0.005309,0.786231,0.617908,,,,,,,,,
-0.001168,-0.006868,0.787338,0.616482,,,,,,,,,
-0.000202,-0.009276,0.788238,0.615300,,,,,,,,,
-0.000729,-0.009799,0.788561,0.614878,,,,,,,,,
0.000496,-0.010267,0.787993,0.615599,,,,,,,,,
0.002365,-0.011059,0.787537,0.616163,,,,,,,,,
0.003768,-0.012507,0.787415,0.616285,,,,,,,,,
0.004631,-0.014476,0.788173,0.615266,,,,,,,,,
0.005371,-0.016255,0.788932,0.614242,,,,,,,,,
0.006624,-0.016464,0.789224,0.613849,,,,,,,,,
0.004494,-0.015033,0.788556,0.614763,,,,,,,,,
0.005138,-0.015399,0.788429,0.614911,,,,,,,,,
0.005850,-0.016347,0.788151,0.615237,,,,,,,,,
0.006907,-0.016516,0.788500,0.614774,,,,,,,,,
0.008535,-0.017324,0.788586,0.614621,,,,,,,,,
0.006161,-0.015721,0.786859,0.616902,,,,,,,,,
0.004912,-0.016196,0.786602,0.617228,,,,,,,,,
0.001959,-0.015473,0.785520,0.618639,,,,,,,,,
0.000696,-0.014779,0.784926,0.619413,,,,,,,,,
0.002165,-0.016000,0.785911,0.618129,,,,,,,,,
0.003988,-0.017402,0.786067,0.617883,,,,,,,,,
0.002627,-0.017322,0.784899,0.619376,,,,,,,,,
0.000662,-0.016730,0.783724,0.620883,,,,,,,,,
-0.000583,-0.016817,0.782741,0.622120,,,,,,,,,
-0.001260,-0.017251,0.782691,0.622170,,,,,,,,,
-0.003347,-0.017328,0.782521,0.622373,,,,,,,,,
-0.006249,-0.016955,0.781879,0.623168,,,,,,,,,
-0.008435,-0.017534,0.781424,0.623697,,,,,,,,,
-0.010268,-0.014794,0.780398,0.625024,,,,,,,,,
-0.009372,-0.015104,0.781069,0.624192,,,,,,,,,
-0.010013,-0.015208,0.780459,0.624942,,,,,,,,,
-0.009707,-0.013422,0.780270,0.625223,,,,,,,,,
-0.008440,-0.013018,0.780304,0.625208,,,,,,,,,
-0.009483,-0.010297,0.778916,0.626972,,,,,,,,,
-0.007917,-0.006166,0.778524,0.627535,,,,,,,,,
-0.004724,-0.001926,0.778042,0.628191,,,,,,,,,
-0.004716,-0.001574,0.777897,0.628372,,,,,,,,,
-0.004581,-0.001387,0.777732,0.628577,,,,,,,,,
-0.004085,-0.001173,0.776747,0.629798,,,,,,,,,
-0.003617,-0.000827,0.775299,0.631584,,,,,,,,,
-0.003579,-0.000033,0.774190,0.632943,,,,,,,,,
-0.003688,0.000504,0.773226,0.634119,,,,,,,,,
-0.003522,-0.000165,0.772697,0.634765,,,,,,,,,
-0.003385,-0.000012,0.772245,0.635316,,,,,,,,,
-0.003074,0.000034,0.771219,0.636563,,,,,,,,,
-0.003595,0.000475,0.770655,0.637242,,,,,,,,,
-0.003644,0.000786,0.770634,0.637268,,,,,,,,,
-0.003618,0.000956,0.770631,0.637270,,,,,,,,,
-0.003625,0.001106,0.770629,0.637272,,,,,,,,,
-0.003584,0.001284,0.770628,0.637274,,,,,,,,,
-0.003510,0.001598,0.770625,0.637278,,,,,,,,,
-0.003563,0.001868,0.770623,0.637279,,,,,,,,,
-0.003542,0.002046,0.770615,0.637288,,,,,,,,,
-0.003473,0.002257,0.770615,0.637287,,,,,,,,,
-0.003409,0.002441,0.770616,0.637286,,,,,,,,,
-0.003357,0.002592,0.770609,0.637294,,,,,,,,,
-0.003380,0.002638,0.770602,0.637302,,,,,,,,,
-0.003390,0.002668,0.770603,0.637300,,,,,,,,,
-0.003347,0.002771,0.770605,0.637299,,,,,,,,,
-0.003364,0.002790,0.770606,0.637297,,,,,,,,,
-0.003313,0.002886,0.770607,0.637295,,,,,,,,,
-0.003330,0.002877,0.770609,0.637293,,,,,,,,,
-0.003291,0.002948,0.770610,0.637292,,,,,,,,,
-0.003260,0.003006,0.770611,0.637290,,,,,,,,,
-0.003241,0.003046,0.770613,0.637288,,,,,,,,,
-0.003286,0.003005,0.770614,0.637286,,,,,,,,,
-0.003249,0.002912,0.770616,0.637285,,,,,,,,,
-0.003225,0.002963,0.770609,0.637293,,,,,,,,,
-0.003266,0.002946,0.770603,0.637301,,,,,,,,,
-0.003312,0.003065,0.770604,0.637299,,,,,,,,,
-0.003337,0.003028,0.770605,0.637297,,,,,,,,,
-0.003364,0.002991,0.770606,0.637296,,,,,,,,,
-0.003325,0.003033,0.770608,0.637294,,,,,,,,,
-0.003295,0.003081,0.770602,0.637301,,,,,,,,,
-0.003330,0.003048,0.770603,0.637300,,,,,,,,,
-0.003344,0.003008,0.770604,0.637298,,,,,,,,,
-0.003356,0.002976,0.770598,0.637306,,,,,,,,,
-0.003320,0.003035,0.770599,0.637304,,,,,,,,,
-0.003416,0.003064,0.770600,0.637302,,,,,,,,,
-0.003420,0.003013,0.770594,0.637310,,,,,,,,,
-0.003444,0.003112,0.770595,0.637308,,,,,,,,,
-0.003443,0.003067,0.770597,0.637307,,,,,,,,,
-0.003383,0.003102,0.770590,0.637314,,,,,,,,,
-0.003394,0.003058,0.770592,0.637313,,,,,,,,,
-0.003404,0.003023,0.770593,0.637311,,,,,,,,,
-0.003411,0.002994,0.770595,0.637309,,,,,,,,,
-0.003349,0.003037,0.770596,0.637308,,,,,,,,,
-0.003361,0.003013,0.770590,0.637316,,,,,,,,,
-0.003374,0.003106,0.770591,0.637313,,,,,,,,,
-0.003333,0.003127,0.770593,0.637312,,,,,,,,,
-0.003294,0.003151,0.770594,0.637310,,,,,,,,,
-0.003269,0.003163,0.770596,0.637308,,,,,,,,,
-0.003242,0.003180,0.770597,0.637306,,,,,,,,,
-0.003220,0.003194,0.770599,0.637304,,,,,,,,,
-0.003270,0.003139,0.770600,0.637303,,,,,,,,,
-0.003243,0.003161,0.770594,0.637310,,,,,,,,,
-0.003281,0.003105,0.770587,0.637318,,,,,,,,,
-0.003259,0.003140,0.770589,0.637316,,,,,,,,,
-0.003294,0.003088,0.770590,0.637315,,,,,,,,,
-0.003329,0.003039,0.770592,0.637313,,,,,,,,,
-0.003423,0.003066,0.770593,0.637311,,,,,,,,,
-0.003499,0.003089,0.770586,0.637319,,,,,,,,,
-0.003488,0.003047,0.770588,0.637317,,,,,,,,,
-0.003419,0.003086,0.770589,0.637315,,,,,,,,,
-0.003424,0.003045,0.770583,0.637323,,,,,,,,,
-0.003366,0.003084,0.770585,0.637321,,,,,,,,,
-0.003381,0.003043,0.770578,0.637329,,,,,,,,,
-0.003393,0.003010,0.770572,0.637337,,,,,,,,,
-0.003395,0.002977,0.770574,0.637335,,,,,,,,,
-0.003483,0.003009,0.770575,0.637333,,,,,,,,,
-0.003487,0.003115,0.770576,0.637331,,,,,,,,,
-0.003471,0.003061,0.770578,0.637329,,,,,,,,,
-0.003465,0.003024,0.770579,0.637327,,,,,,,,,
-0.003468,0.003001,0.770581,0.637326,,,,,,,,,
-0.003536,0.003035,0.770582,0.637324,,,,,,,,,
-0.003464,0.003069,0.770584,0.637322,,,,,,,,,
-0.003399,0.003090,0.770578,0.637329,,,,,,,,,
-0.003348,0.003121,0.770580,0.637327,,,,,,,,,
-0.003366,0.003073,0.770581,0.637326,,,,,,,,,
-0.003388,0.003041,0.770575,0.637333,,,,,,,,,
-0.003472,0.003068,0.770568,0.637341,,,,,,,,,
-0.003472,0.003023,0.770562,0.637348,,,,,,,,,
-0.003407,0.003066,0.770564,0.637346,,,,,,,,,
-0.003425,0.003161,0.770558,0.637353,,,,,,,,,
-0.003368,0.003178,0.770560,0.637351,,,,,,,,,
-0.003323,0.003193,0.770561,0.637349,,,,,,,,,
-0.003346,0.003131,0.770563,0.637348,,,,,,,,,
-0.003356,0.003074,0.770557,0.637355,,,,,,,,,
-0.003312,0.003108,0.770551,0.637363,,,,,,,,,
-0.003337,0.003062,0.770552,0.637361,,,,,,,,,
-0.003357,0.003025,0.770554,0.637359,,,,,,,,,
-0.003328,0.003067,0.770556,0.637357,,,,,,,,,
-0.003295,0.003094,0.770550,0.637364,,,,,,,,,
-0.003317,0.003059,0.770551,0.637362,,,,,,,,,
-0.003267,0.002949,0.770553,0.637361,,,,,,,,,
-0.003301,0.002934,0.770555,0.637359,,,,,,,,,
-0.003407,0.002974,0.770548,0.637366,,,,,,,,,
-0.003354,0.003026,0.770550,0.637364,,,,,,,,,
-0.003370,0.002996,0.770552,0.637362,,,,,,,,,
-0.003390,0.002964,0.770553,0.637360,,,,,,,,,
-0.003340,0.003018,0.770547,0.637367,,,,,,,,,
-0.003424,0.003043,0.770541,0.637374,,,,,,,,,
-0.003367,0.003083,0.770543,0.637372,,,,,,,,,
-0.003328,0.003107,0.770545,0.637370,,,,,,,,,
-0.003355,0.003053,0.770546,0.637368,,,,,,,,,
-0.003378,0.003011,0.770548,0.637366,,,,,,,,,
-0.003336,0.003049,0.770550,0.637364,,,,,,,,,
-0.003296,0.003087,0.770552,0.637361,,,,,,,,,
-0.003316,0.003039,0.770553,0.637360,,,,,,,,,
-0.003339,0.003006,0.770555,0.637358,,,,,,,,,
-0.003351,0.002973,0.770557,0.637356,,,,,,,,,
-0.003308,0.003026,0.770558,0.637354,,,,,,,,,
-0.003334,0.002996,0.770560,0.637352,,,,,,,,,
-0.003300,0.003036,0.770562,0.637350,,,,,,,,,
-0.003266,0.003076,0.770563,0.637348,,,,,,,,,
-0.003300,0.003037,0.770565,0.637346,,,,,,,,,
-0.003327,0.002992,0.770566,0.637344,,,,,,,,,